https://www.google.com/maps/place/Restaurant+Valmidi/data=!4m5!3m4!1s0x47f4eb6e7bb6aaab:0xe63260c6e9f9ccce!8m2!3d45.7766135!4d4.8044002,Restaurant Valmidi,"4,8",178,Cuisine française moderne,Cocktails et saveurs françaises finement revisitées aux accents d'ailleurs dans une salle au décor sobre.    ·  Repas sur place  ·  Commandes à emporter,"20 Rue de Bourgogne, 69009 Lyon, France","QRG3+JQ Lyon, France",restaurant-valmidi.fr,+33 6 20 70 49 98,Fermé ⋅ Ouvre à 12 h 00 mar. Fermé aujourd'hui,https://lh5.googleusercontent.com/p/AF1QipPE3OUk9iwtdBnFsf-8OOLQfDNI9QUhX0gjSMg=w408-h272-k-no,true,"https://www.google.com/maps/search/Restaurant/@45.7732165,4.8109861,15z/data=!3m1!4b1",2022-04-17T13:41:36.313Z,45.7765625,4.80443750000002,
https://www.google.com/maps/place/La+Cagette/data=!4m5!3m4!1s0x47f4eafd4d5e563b:0x8995573191143dea!8m2!3d45.7734417!4d4.8320153,La Cagette,"4,3",116,Restaurant,·  Repas sur place  ·  Commandes à emporter  ·  Livraison,"14 Rue des Pierres Plantées, 69001 Lyon, France","QRFJ+9R Lyon, France",,+33 9 82 28 66 65,Ouvert ⋅ Ferme à 17 h 00 Ouvert,https://lh5.googleusercontent.com/p/AF1QipOYn5Nl69tJU7JtmtY_cCkMYdj1kOvZBpo5CINf=w408-h612-k-no,true,"https://www.google.com/maps/search/Restaurant/@45.7732165,4.8109861,15z/data=!3m1!4b1",2022-04-17T13:41:39.964Z,45.773437500000014,4.832062500000021,
https://www.google.com/maps/place/Chez+L/data=!4m5!3m4!1s0x47f4eb9be0e2699f:0xd9d512a017e1afcd!8m2!3d45.768258!4d4.8043434,Chez L,"4,5",25,Restaurant,·  Repas sur place  ·  Commandes à emporter  ·  Livraison,"8 Rue Louis Loucheur, 69009 Lyon, France","QR93+8P Lyon, France",eatbu.com,+33 4 74 71 33 63,Fermé ⋅ Ouvre à 10 h 00 lun. Fermé aujourd'hui,https://lh5.googleusercontent.com/p/AF1QipNalQnZlvrss11iB0xb0uk2dZ43TjWIj2257NZT=w408-h408-k-no,true,"https://www.google.com/maps/search/Restaurant/@45.7732165,4.8109861,15z/data=!3m1!4b1",2022-04-17T13:41:43.825Z,45.76831250000002,4.804312499999995,
https://www.google.com/maps/place/Restaurant+Les+Tanneurs/data=!4m5!3m4!1s0x47f4eb7276c3aa89:0x1fdcd27ba23c2810!8m2!3d45.7743171!4d4.8062427,Restaurant Les Tanneurs,"4,5",152,Restaurant,·  Repas sur place  ·  Livraison,"17 Rue des Tanneurs, 69009 Lyon, France","QRF4+PF Lyon, France",restaurant-lestanneurs.fr,+33 4 27 11 12 07,Fermé ⋅ Ouvre à 09 h 00 lun. Fermé aujourd'hui,https://lh5.googleusercontent.com/p/AF1QipPanilOqPha6kim9hTEsFYKZbxcbW0y7ZCG0GxE=w408-h306-k-no,true,"https://www.google.com/maps/search/Restaurant/@45.7732165,4.8109861,15z/data=!3m1!4b1",2022-04-17T13:41:47.397Z,45.77431249999999,4.806187500000007,
https://www.google.com/maps/place/Restaurant+La+Bouteille/data=!4m5!3m4!1s0x47f4eb7beaa65c03:0xb5e1cfa4c8c5b7e0!8m2!3d45.7779356!4d4.8073883,Restaurant La Bouteille,"4,7",220,Restaurant,·  Repas sur place  ·  Livraison,"10 Rue de St Cyr, 69009 Lyon, France","QRH4+5X Lyon, France",restaurantlabouteille.com,+33 4 26 02 05 75,Fermé ⋅ Ouvre à 12 h 00 mar. Fermé aujourd'hui,https://lh5.googleusercontent.com/p/AF1QipNZQzFqILpbyHa4j0Zje-pb0YrFMGEKU6I8EKK5=w408-h342-k-no,true,"https://www.google.com/maps/search/Restaurant/@45.7732165,4.8109861,15z/data=!3m1!4b1",2022-04-17T13:41:52.210Z,45.77793749999999,4.807437500000006,
https://www.google.com/maps/place/Bistrot+Berthet/data=!4m5!3m4!1s0x47f4eb720fb317d3:0xd4d0dac48f72d339!8m2!3d45.7741855!4d4.8052683,Bistrot Berthet,"4,5",231,Restaurant français,Ce bistrot propose une fine cuisine moderne et dispose d'une terrasse intérieure couverte et chauffée l'hiver.    ·  Repas sur place  ·  Livraison,"10 Rue du Sergent Michel Berthet, 69009 Lyon, France","QRF4+M4 Lyon, France",bistrot-berthet.fr,+33 4 72 19 40 53,Fermé ⋅ Ouvre à 12 h 00 lun. Fermé aujourd'hui,https://lh5.googleusercontent.com/p/AF1QipOPH9pwn9yIxQphhkq6g1-ku0AvMPL6I4CaIWGE=w408-h240-k-no-pi-0-ya94.40736-ro-0-fo100,true,"https://www.google.com/maps/search/Restaurant/@45.7732165,4.8109861,15z/data=!3m1!4b1",2022-04-17T13:41:56.015Z,45.7741875,4.805312499999999,
https://www.google.com/maps/place/Le+Tiroir/data=!4m5!3m4!1s0x47f4eb727e33ffff:0x6f9e60eb646f9d62!8m2!3d45.7743849!4d4.8070842,Le Tiroir,"4,8",422,Restaurant,Carreaux nid d'abeille et banquettes anthracite dans un restaurant à la fine cuisine créative en formule.    ·  Repas sur place  ·  Commandes à emporter  ·  Livraison,"20 Gd Rue de Vaise, 69009 Lyon, France","QRF4+QR Lyon, France",restaurant-letiroir.fr,+33 4 78 64 75 96,Fermé ⋅ Ouvre à 12 h 00 lun. Fermé aujourd'hui,https://lh5.googleusercontent.com/p/AF1QipMMMXjo3ggiKpTh3chqGXkA3H4hOGImDh76_38k=w408-h271-k-no,true,"https://www.google.com/maps/search/Restaurant/@45.7732165,4.8109861,15z/data=!3m1!4b1",2022-04-17T13:41:59.490Z,45.77443750000002,4.807062500000015,
https://www.google.com/maps/place/Restaurant+Valmy/data=!4m5!3m4!1s0x47f4eb6d8b8893a1:0x49ccb92e8bc978f4!8m2!3d45.7748777!4d4.8061031,Restaurant Valmy,"4,1",129,Restaurant,·  Repas sur place  ·  Commandes à emporter  ·  Livraison,"3 Rue des Tanneurs, 69009 Lyon, France","QRF4+XC Lyon, France",,+33 4 74 70 94 32,Ouvert ⋅ Ferme à 00 h 00 Ouvert,https://lh5.googleusercontent.com/p/AF1QipOWtkn81BjnBC310xDtCy3a7tVHYVueHKvVyYcR=w408-h306-k-no,true,"https://www.google.com/maps/search/Restaurant/@45.7732165,4.8109861,15z/data=!3m1!4b1",2022-04-17T13:42:02.961Z,45.77493750000001,4.80606250000001,
https://www.google.com/maps/place/Restaurant+Albert/data=!4m5!3m4!1s0x47f4eb021950cc63:0x81dbb6ef2eca249a!8m2!3d45.7691085!4d4.8293019,Restaurant Albert,"4,7",288,Restaurant français,·  Repas sur place  ·  Commandes à emporter  ·  Livraison,"10 Pl. Fernand Rey, 69001 Lyon, France","QR9H+JP Lyon, France",eatbu.com,+33 4 78 27 95 56,Fermé ⋅ Ouvre à 12 h 00 mar. Fermé aujourd'hui,https://lh5.googleusercontent.com/p/AF1QipOvLs5b00HnTC41XHlwiFb86_sN9Js2hLFWLeA=w426-h240-k-no,true,"https://www.google.com/maps/search/Restaurant/@45.7732165,4.8109861,15z/data=!3m1!4b1",2022-04-17T13:42:07.780Z,45.769062500000004,4.8293125,
https://www.google.com/maps/place/FRITE+ALORS+!+TERREAUX+-+Poutines+qu%C3%A9b%C3%A9coises+-+Frites+belges+-+Burgers/data=!4m5!3m4!1s0x47f4eafe68d9014d:0xb976735ed6918aa7!8m2!3d45.7678858!4d4.8319422,FRITE ALORS ! TERREAUX - Poutines québécoises - Frites belges - Burgers,"3,9",2021,Restaurant,"Spécialités québécoises, dont frites aux sauces secrètes, burgers et poutines, dans un cadre moderne simple.    ·  Repas sur place  ·  Commandes à emporter  ·  Livraison","Restaurant Frite Alors! - Terreau, 20 Rue Terme, 69001 Lyon, France","QR9J+5Q Lyon, France",fritealors.fr,+33 4 78 58 61 73,,https://lh5.googleusercontent.com/p/AF1QipOVVC9XJhse8L0KisWx8ERQqZp-ewOY0w6FoFda=w426-h240-k-no,true,"https://www.google.com/maps/search/Restaurant/@45.7732165,4.8109861,15z/data=!3m1!4b1",2022-04-17T13:42:11.306Z,45.7679375,4.8319375000000235,
https://www.google.com/maps/place/BEL+AMI/data=!4m5!3m4!1s0x47f4eb01ffb665a1:0xba00c396b12effcd!8m2!3d45.7686986!4d4.8302354,BEL AMI,"4,7",236,Restaurant,·  Repas sur place  ·  Livraison,"34 Rue Sergent Blandan, 69001 Lyon, France","QR9J+F3 Lyon, France",,+33 9 87 14 20 50,Fermé ⋅ Ouvre à 12 h 00 mar. Fermé aujourd'hui,https://lh5.googleusercontent.com/p/AF1QipP2pKG-6xY-EbQY42MdWeHhCdEgF8q8sJ_GxiZ7=w408-h271-k-no,true,"https://www.google.com/maps/search/Restaurant/@45.7732165,4.8109861,15z/data=!3m1!4b1",2022-04-17T13:42:15.203Z,45.76868750000001,4.830187500000008,
https://www.google.com/maps/place/Terroir+%26+Nenuphar/data=!4m5!3m4!1s0x47f4eb128c4eea65:0x7c8b71d231a8c208!8m2!3d45.7743661!4d4.7948817,Terroir & Nenuphar,"4,8",108,Restaurant français,·  Repas sur place  ·  Commandes à emporter  ·  Livraison,"11 Av. Sidoine Apollinaire, 69009 Lyon, France","QQFV+PX Lyon, France",terroir-et-nenuphar.eatbu.com,+33 4 69 67 17 10,,https://lh5.googleusercontent.com/p/AF1QipN3UR0h89oGoiMYNv5XXjUMjb53e2fq-SCX7qP_=w408-h544-k-no,true,"https://www.google.com/maps/search/Restaurant/@45.7732165,4.8109861,15z/data=!3m1!4b1",2022-04-17T13:42:18.994Z,45.77431249999999,4.794937499999989,Ouvert aux membres de la communauté LGBTQ et autres
https://www.google.com/maps/place/restaurant+LE+18/data=!4m5!3m4!1s0x47f4eb6582573fef:0xea01d02a0a73778!8m2!3d45.7773689!4d4.7992267,restaurant LE 18,"4,3",23,Restaurant,·  Repas sur place  ·  Commandes à emporter  ·  Livraison,"18 Rue Berjon, 69009 Lyon, France","QQGX+WM Lyon, France",restaurantle18.business.site,+33 4 72 57 92 31,Fermé ⋅ Ouvre à 09 h 00 lun. Fermé aujourd'hui,https://lh5.googleusercontent.com/p/AF1QipNg-hJwoFVTdFSFuKlnyguIDyyvEppkUcb0lLto=w408-h544-k-no,true,"https://www.google.com/maps/search/Restaurant/@45.7732165,4.8109861,15z/data=!3m1!4b1",2022-04-17T13:42:22.308Z,45.77731250000001,4.799187500000002,
https://www.google.com/maps/place/Delicatessen/data=!4m5!3m4!1s0x47f4eaf91ad0b2d1:0x31dc2c2cd4fac259!8m2!3d45.7694843!4d4.8296372,Delicatessen,"4,6",1055,Restaurant,Viandes grillées à l'américaine accompagnées de plats comme les macaronis au fromage dans un grand espace orné de lanternes géantes.    ·  Repas sur place  ·  Service au volant  ·  Livraison sans contact,"6 Rue de Savy, 69001 Lyon, France","QR9H+QV Lyon, France",pigmalyon.com,+33 4 78 39 57 04,Fermé ⋅ Ouvre à 18 h 00 lun. Fermé aujourd'hui,https://lh5.googleusercontent.com/p/AF1QipMQwGP8NLbvqnQreXZj24UYskV-iFM6sBBMU_1M=w408-h544-k-no,true,"https://www.google.com/maps/search/Restaurant/@45.7732165,4.8109861,15z/data=!3m1!4b1",2022-04-17T13:42:25.776Z,45.76943750000002,4.82968750000002,Ouvert aux membres de la communauté LGBTQ et autres
https://www.google.com/maps/place/Mini+Cucina/data=!4m5!3m4!1s0x47f4eb716a17e3b7:0x8e987df1d166de97!8m2!3d45.7711233!4d4.8025553,Mini Cucina,"4,8",119,Restaurant italien,·  Repas sur place  ·  Commandes à emporter  ·  Livraison,"78 Rue Saint-Pierre de Vaise, 69009 Lyon, France","QRC3+C2 Lyon, France",mini-cucina.com,+33 6 31 51 39 27,Fermé ⋅ Ouvre à 11 h 00 lun. Fermé aujourd'hui,https://lh5.googleusercontent.com/p/AF1QipPejiODPqXqaJnVRAyX8e-cvyuhO67pagd3Ez6t=w408-h306-k-no,false,"https://www.google.com/maps/search/Restaurant/@45.7732165,4.8109861,15z/data=!3m1!4b1",2022-04-17T13:42:29.744Z,45.77106250000001,4.802562500000008,
https://www.google.com/maps/place/La+Famille/data=!4m5!3m4!1s0x47f4eb1cfa85c4e1:0xfa9d9f392e134a33!8m2!3d45.7754986!4d4.8282282,La Famille,"4,6",267,Restaurant français,Plats traditionnels servis en terrasse ou dans un cadre boisé et cosy avec des photos anciennes sur les murs.    ·  Repas sur place  ·  Commandes à emporter  ·  Livraison,"18 Rue Duviard, 69004 Lyon, France","QRGH+57 Lyon, France",restaurant-lafamille.com,+33 4 72 98 83 90,Fermé ⋅ Ouvre à 12 h 00 mar. Fermé aujourd'hui,https://lh5.googleusercontent.com/p/AF1QipPaHRFJXorzoIn7eQYOOVrL-CgTpBbxFu1Etcd2=w426-h240-k-no,true,"https://www.google.com/maps/search/Restaurant/@45.7732165,4.8109861,15z/data=!3m1!4b1",2022-04-17T13:42:33.777Z,45.775437499999995,4.828187500000027,
https://www.google.com/maps/place/L'Ap%C3%A9rient/data=!4m5!3m4!1s0x47f4eb7b10e53ae1:0x9d75c01892901682!8m2!3d45.7734122!4d4.7954202,L'Apérient,"4,3",106,Restaurant français,·  Repas sur place  ·  Livraison,"21 Av. Sidoine Apollinaire, 69009 Lyon, France","QQFW+95 Lyon, France",,+33 4 72 53 04 37,Fermé ⋅ Ouvre à 07 h 00 lun. Fermé aujourd'hui,https://lh5.googleusercontent.com/p/AF1QipNosB8JGoMl1tjgpkOTZiShWFiyFvHT7c6uPfwM=w408-h306-k-no,true,"https://www.google.com/maps/search/Restaurant/@45.7732165,4.8109861,15z/data=!3m1!4b1",2022-04-17T13:42:37.878Z,45.773437500000014,4.795437499999977,
https://www.google.com/maps/place/Bouchon+Les+Lyonnais/data=!4m5!3m4!1s0x47f4ebaa54cf2c6f:0xb18db5663b3a3044!8m2!3d45.761862!4d4.8262132,Bouchon Les Lyonnais,"4,4",2196,Restaurant,Des spécialités lyonnaises servies dans un cadre chaleureux aux murs oranges ornés de photos en noir et blanc.    ·  Repas sur place  ·  Commandes à emporter  ·  Livraison,"19 Rue de la Bombarde, 69005 Lyon, France","QR6G+PF Lyon, France",restaurant-lyonnais.com,+33 4 78 37 64 82,Fermé ⋅ Ouvre à 10 h 00 mar. Fermé ⋅ Ouvre à 10 h 00 mar.,https://lh5.googleusercontent.com/p/AF1QipMq-0UsNQiILv-rPi-eplD_Khz9ILT1fIr8Pjkn=w408-h272-k-no,true,"https://www.google.com/maps/search/Restaurant/@45.7732165,4.8109861,15z/data=!3m1!4b1",2022-04-17T13:42:41.971Z,45.76181249999998,4.826187500000017,
https://www.google.com/maps/place/L'Interlude+Lyon/data=!4m5!3m4!1s0x47f4eaffb71ec77b:0x245e5e60c7c98c89!8m2!3d45.765861!4d4.831454,L'Interlude Lyon,"4,6",119,Restaurant,"Burgers, omelettes ou tartares de bœuf dans un restaurant-bar animé avec terrasse et expositions.    ·  Repas sur place  ·  Livraison","8 Rue de la Platière, 69001 Lyon, France","QR8J+8H Lyon, France",,+33 4 78 28 35 96,Fermé ⋅ Ouvre à 09 h 00 mar. Fermé aujourd'hui,https://lh5.googleusercontent.com/p/AF1QipPmtkH-wujIaIK3Qk-MqNmv23-gr5YDQOorwLZN=w423-h240-k-no,true,"https://www.google.com/maps/search/Restaurant/@45.7732165,4.8109861,15z/data=!3m1!4b1",2022-04-17T13:42:45.830Z,45.765812499999996,4.831437500000007,
https://www.google.com/maps/place/Le+Moment/data=!4m5!3m4!1s0x47f4eb6b8907b683:0x60ae56e1e408fb4e!8m2!3d45.779458!4d4.807089,Le Moment,"4,4",451,Restaurant français,Cuisine française raffinée dans une salle conviviale dotée d'une véranda lumineuse et d'une vaste terrasse.    ·  Repas sur place  ·  Commandes à emporter  ·  Livraison,"33 Rue de St Cyr, 69009 Lyon, France","QRH4+QR Lyon, France",restaurantlemoment.fr,+33 4 78 83 23 71,,https://lh5.googleusercontent.com/p/AF1QipM95iZhj9UmFeEud2cN22kSeFHlLwOk1mi2lNtS=w408-h306-k-no,true,"https://www.google.com/maps/search/Restaurant/@45.7732165,4.8109861,15z/data=!3m1!4b1",2022-04-17T13:42:49.605Z,45.779437500000014,4.807062500000015,
"https://www.google.com/maps/place/Restaurant+%22Un,+Deux,+Trois%22+(1+2+3)/data=!4m5!3m4!1s0x47f4ebaae8d51ffb:0x5e35334abfca9309!8m2!3d45.7625517!4d4.8274484","Restaurant ""Un, Deux, Trois"" (1 2 3)","4,4",586,Restaurant français,·  Repas sur place  ·  Livraison,"1 Pl. Neuve Saint-Jean, 69005 Lyon, France","QR7G+2X Lyon, France",,+33 4 26 00 94 13,Fermé ⋅ Ouvre à 19 h 00 Fermé,https://lh5.googleusercontent.com/p/AF1QipO_y_llsQSFBJt1bQspYWePofgFUu3ipwjaevfl=w426-h240-k-no,false,"https://www.google.com/maps/search/Restaurant/@45.7732165,4.8109861,15z/data=!3m1!4b1",2022-04-17T13:42:56.184Z,45.76256249999999,4.827437500000016,
https://www.google.com/maps/place/Restaurant+OPALINE/data=!4m5!3m4!1s0x47f4eae1c27328f5:0x3d7368474fa0ed25!8m2!3d45.7793925!4d4.8330663,Restaurant OPALINE,"4,7",306,Restaurant,·  Repas sur place  ·  Commandes à emporter  ·  Livraison,"8 Rue Pailleron, 69004 Lyon, France","QRHM+Q6 Lyon, France",restopaline.fr,+33 4 78 28 80 86,Fermé ⋅ Ouvre à 12 h 00 mar. Fermé aujourd'hui,https://lh5.googleusercontent.com/p/AF1QipPhcd5-QSRclRBiqWC2IDstrVEuLweXt0UqGT3D=w426-h240-k-no,true,"https://www.google.com/maps/search/Restaurant/@45.7732165,4.8109861,15z/data=!3m1!4b1",2022-04-17T13:43:00.263Z,45.779437500000014,4.833062499999997,
https://www.google.com/maps/place/La+Divina/data=!4m5!3m4!1s0x47f4eb742455e1dd:0xe07e32b470d28e55!8m2!3d45.7682274!4d4.8039075,La Divina,"4,1",265,Pizzeria,Des pizzas et autres spécialités italiennes dans un cadre coloré et cosy aux murs oranges et fauteuils bleus.    ·  Repas sur place  ·  Commandes à emporter,"21 Rue de la Fraternelle, 69009 Lyon, France","QR93+7H Lyon, France",ladivinarestaurantpizzeria.com,+33 4 37 64 66 79,Fermé ⋅ Ouvre à 11 h 30 mar. Fermé aujourd'hui,https://lh5.googleusercontent.com/p/AF1QipM-HyWk9mK1ATn2vDIFX6ZiKTl84GXL2miPq438=w426-h240-k-no,true,"https://www.google.com/maps/search/Restaurant/@45.7732165,4.8109861,15z/data=!3m1!4b1",2022-04-17T13:43:04.155Z,45.768187500000025,4.8039375000000035,
https://www.google.com/maps/place/L'Assiette+du+Vin/data=!4m5!3m4!1s0x47f4eb1ce8183a09:0x5220eaaeb0123c91!8m2!3d45.774885!4d4.828064,L'Assiette du Vin,"4,4",268,Restaurant français,Terroir revisité et menu aux accents du Sud dans un cadre chaleureux avec arcades en pierres et murs orange.    ·  Repas sur place  ·  Commandes à emporter  ·  Livraison,"8 Rue Duviard, 69004 Lyon, France","QRFH+X6 Lyon, France",lassietteduvin.com,+33 4 78 39 07 50,Fermé ⋅ Ouvre à 12 h 00 mar. Fermé aujourd'hui,https://lh5.googleusercontent.com/p/AF1QipPFptSfZwRdfOzxjzDoLbgBjUlRyN_JlZUbBY29=w408-h272-k-no,true,"https://www.google.com/maps/search/Restaurant/@45.7732165,4.8109861,15z/data=!3m1!4b1",2022-04-17T13:43:07.694Z,45.77493750000001,4.8280625000000015,
https://www.google.com/maps/place/RESTAURANT+LE+VIEUX+LYON/data=!4m5!3m4!1s0x47f4ebaae60af80d:0x41316050870114b4!8m2!3d45.7623386!4d4.8274787,RESTAURANT LE VIEUX LYON,"4,4",1286,Restaurant français,Restaurant ancien et cosy avec terrasse proposant un menu régional et des vins locaux.    ·  Repas sur place  ·  Commandes à emporter  ·  Livraison,"44 Rue Saint-Jean, 69005 Lyon, France","QR6G+WX Lyon, France",bouchonlevieuxlyon.fr,+33 9 74 56 76 28,Ouvert ⋅ Ferme à 22 h 00 Ouvert,https://lh5.googleusercontent.com/p/AF1QipNyNNUqNpmdkrHgSdmuK7RP63s8ILGMS6OmP4Tz=w408-h381-k-no,true,"https://www.google.com/maps/search/Restaurant/@45.7732165,4.8109861,15z/data=!3m1!4b1",2022-04-17T13:43:11.186Z,45.76231249999999,4.827437500000016,
https://www.google.com/maps/place/Le+Bouchon+des+Filles/data=!4m5!3m4!1s0x47f4eb01f439fe73:0xc28debbb730b4077!8m2!3d45.7686729!4d4.8293599,Le Bouchon des Filles,"4,5",980,Restaurant,Ce restaurant sert une cuisine traditionnelle dans un cadre rustique aux poutres et pierres apparentes.    ·  Repas sur place  ·  Commandes à emporter  ·  Livraison,"20 Rue Sergent Blandan, 69001 Lyon, France","QR9H+FP Lyon, France",lebouchondesfilles.fr,+33 4 78 30 40 44,Fermé ⋅ Ouvre à 19 h 00 Fermé,https://lh5.googleusercontent.com/p/AF1QipPhjyKstyjdWvtIKY57OU6xKtobUI9CZH6frIkK=w408-h611-k-no,true,"https://www.google.com/maps/search/Restaurant/@45.7732165,4.8109861,15z/data=!3m1!4b1",2022-04-17T13:43:15.269Z,45.76868750000001,4.8293125,
https://www.google.com/maps/place/Garri/data=!4m5!3m4!1s0x47f4eb710a716ddb:0x4c3b595088d72f24!8m2!3d45.7744287!4d4.8258957,Garri,"4,4",124,Restaurant,·  Repas sur place  ·  Livraison,"8 Pl. Tabareau, 69004 Lyon, France","QRFG+Q9 Lyon, France",garri.fr,+33 4 78 72 08 51,Fermé ⋅ Ouvre à 12 h 00 mar. Fermé aujourd'hui,https://lh5.googleusercontent.com/p/AF1QipPB9v8F6w3_Bwfr7QU70E9R7OTMj0pehhMm8xJn=w408-h306-k-no,true,"https://www.google.com/maps/search/Restaurant/@45.7732165,4.8109861,15z/data=!3m1!4b1",2022-04-17T13:43:18.731Z,45.77443750000002,4.825937500000023,
https://www.google.com/maps/place/Restaurant+Le+Petit+Persan/data=!4m5!3m4!1s0x47f4eaff0acf49c3:0x68e72119837b9f7!8m2!3d45.7651869!4d4.8325935,Restaurant Le Petit Persan,"4,6",236,Restaurant,"Spécialités persanes délicatement épicées dans un cadre chaleureux, entre pierres apparentes et murs jaunes.    ·  Repas sur place  ·  Commandes à emporter  ·  Livraison","8 Rue Longue, 69001 Lyon, France","QR8M+32 Lyon, France",lepetitpersan.fr,+33 4 78 28 26 50,Fermé ⋅ Ouvre à 19 h 00 mar. Fermé aujourd'hui,https://lh5.googleusercontent.com/p/AF1QipMbaFIbSJ_tjqY2-8uwILlCYDDSlmTwljfdUvFx=w493-h240-k-no,true,"https://www.google.com/maps/search/Restaurant/@45.7732165,4.8109861,15z/data=!3m1!4b1",2022-04-17T13:43:22.706Z,45.76518749999998,4.832562500000009,
https://www.google.com/maps/place/O/data=!4m5!3m4!1s0x47f4eb73d7a1abc3:0x7f58e8693357b5e0!8m2!3d45.7718203!4d4.804076,O,"4,1",245,Restaurant français,Ce restaurant-bar au cadre moderne et boisé avec vaste terrasse en teck arborée sert des plats traditionnels.    ·  Repas sur place  ·  Livraison,"56 Rue Saint-Pierre de Vaise, 69009 Lyon, France","QRC3+PJ Lyon, France",,,,https://lh5.googleusercontent.com/p/AF1QipNnXWUlKZWwZaUo7MQqu68q_QMTr1TAI1dBWccS=w408-h306-k-no,true,"https://www.google.com/maps/search/Restaurant/@45.7732165,4.8109861,15z/data=!3m1!4b1",2022-04-17T13:43:26.544Z,45.771812499999996,4.804062500000001,
https://www.google.com/maps/place/Le+Pailleron/data=!4m5!3m4!1s0x47f4eae1c1a663bf:0x7701e9eaf83a76e1!8m2!3d45.7795562!4d4.8332328,Le Pailleron,"4,2",634,Restaurant,Ce restaurant propose des spécialités lyonnaises et périgourdines dans un décor rustique avec mezzanine.    ·  Repas sur place  ·  Commandes à emporter  ·  Livraison,"9 Rue Pailleron, 69004 Lyon, France","QRHM+R7 Lyon, France",lepailleron.net,+33 4 78 39 65 65,Fermé ⋅ Ouvre à 19 h 00 Fermé,https://lh5.googleusercontent.com/p/AF1QipP_GkLIN5Bd4iFrXF35C8CZhAjUD7Omp-l0iTuK=w426-h240-k-no,true,"https://www.google.com/maps/search/Restaurant/@45.7732165,4.8109861,15z/data=!3m1!4b1",2022-04-17T13:43:30.092Z,45.77956250000001,4.833187500000022,S'identifie comme étant détenue par des femmes
https://www.google.com/maps/place/Chez+Chabert/data=!4m5!3m4!1s0x47f4ebaabaa372af:0xe2bf9bde6da9a3eb!8m2!3d45.7631881!4d4.8288301,Chez Chabert,"4,4",1041,Restaurant français,Plats français et spécialités lyonnaises sont servis sous le plafond voûté de ce bouchon à l'ambiance tamisée.    ·  Repas sur place  ·  Commandes à emporter  ·  Livraison,"13 / 14 Quai Romain Rolland, 69005 Lyon, France","QR7H+7G Lyon, France",chezchabert.com,+33 4 78 42 99 65,Fermé ⋅ Ouvre à 19 h 00 lun. Fermé ⋅ Ouvre à 19 h 00 lun.,https://lh5.googleusercontent.com/p/AF1QipOo_Z1HojqjQS9ASjj5nlnY2xGiZkKu7Cwro-xt=w408-h240-k-no-pi-0-ya223.05663-ro-0-fo100,true,"https://www.google.com/maps/search/Restaurant/@45.7732165,4.8109861,15z/data=!3m1!4b1",2022-04-17T13:43:33.860Z,45.7631875,4.828812500000012,
https://www.google.com/maps/place/Restaurant+Le+Pique+Assiette/data=!4m5!3m4!1s0x47f4ebaab16f87f3:0x3fa0acfa567953fd!8m2!3d45.7633296!4d4.8284824,Restaurant Le Pique Assiette,"4,0",789,Restaurant,"Spécialités régionales, comme la saucisse et la fondue, servies dans une salle avec lambris aux murs ou sur la terrasse côté rue.    ·  Repas sur place  ·  Livraison","4 Rue de la Baleine, 69005 Lyon, France","QR7H+89 Lyon, France",lepiqueassiette.com,+33 4 78 37 38 78,Fermé ⋅ Ouvre à 19 h 00 Fermé,https://lh5.googleusercontent.com/p/AF1QipMA2DUssqsq3eaeFkQS6qO8X4R5QbabtGhTElIM=w408-h306-k-no,true,"https://www.google.com/maps/search/Restaurant/@45.7732165,4.8109861,15z/data=!3m1!4b1",2022-04-17T13:43:37.727Z,45.7633125,4.828437500000021,
https://www.google.com/maps/place/Le+Cabaretier/data=!4m5!3m4!1s0x47f4ebaa9c5f1f83:0x736f29b9a4fddd9!8m2!3d45.764052!4d4.827802,Le Cabaretier,"4,5",476,Restaurant français,"Cuisine lyonnaise à base de viande et menus fixes proposés dans un restaurant traditionnel cosy, décoré de bois et d'objets rétro.    ·  Repas sur place  ·  Commandes à emporter  ·  Livraison","6 Rue de la Fronde, 69005 Lyon, France","QR7H+J4 Lyon, France",eatbu.com,+33 4 78 42 38 11,Ouvert ⋅ Ferme à 23 h 30 Ouvert,https://lh5.googleusercontent.com/p/AF1QipPIElsb0WSB_WOtnVMW81BP4cbv_9_lFUxjQQsD=w408-h544-k-no,true,"https://www.google.com/maps/search/Restaurant/@45.7732165,4.8109861,15z/data=!3m1!4b1",2022-04-17T13:43:41.141Z,45.76406249999998,4.827812500000007,
https://www.google.com/maps/place/Arvine+restaurant/data=!4m5!3m4!1s0x47f4c1f22353b8bd:0x279148e3707b0bdf!8m2!3d45.7684681!4d4.8303514,Arvine restaurant,"4,9",163,Restaurant,·  Repas sur place  ·  Commandes à emporter  ·  Livraison,"6 Rue Hippolyte Flandrin, 69001 Lyon, France","QR9J+94 Lyon, France",arvine-restaurant.fr,+33 4 78 28 32 26,Fermé ⋅ Ouvre à 19 h 30 mar. Fermé aujourd'hui,https://lh5.googleusercontent.com/p/AF1QipOa8qCX9lHEB3CzNbWOxkVANtd235IUbBIo8__h=w408-h306-k-no,true,"https://www.google.com/maps/search/Restaurant/@45.7732165,4.8109861,15z/data=!3m1!4b1",2022-04-17T13:43:45.374Z,45.76843750000002,4.830312500000005,
https://www.google.com/maps/place/Restaurant+La+Chim%C3%A8re/data=!4m5!3m4!1s0x47f4ebaa61b6d131:0x5ac242512baeda92!8m2!3d45.7629649!4d4.827193,Restaurant La Chimère,"4,2",508,Restaurant,"Spécialités françaises aux accents internationaux dans un lieu à l'atmosphère tamisée, avec des murs de pierre aux touches colorées.    ·  Repas sur place  ·  Commandes à emporter  ·  Livraison","14 Rue du Bœuf, 69005 Lyon, France","QR7G+5V Lyon, France",restaurant-lachimere.fr,+33 4 78 37 01 87,Fermé ⋅ Ouvre à 19 h 00 Fermé,https://lh5.googleusercontent.com/p/AF1QipPL_10dxeei4N1reBoMumOzQuwNde49ALbtY_yl=w533-h240-k-no,false,"https://www.google.com/maps/search/Restaurant/@45.7732165,4.8109861,15z/data=!3m1!4b1",2022-04-17T13:43:49.119Z,45.76293749999998,4.827187500000022,
https://www.google.com/maps/place/La+Coll'inn/data=!4m5!3m4!1s0x47f4eb7c453c196f:0xc81494723205154!8m2!3d45.7721786!4d4.7914661,La Coll'inn,"3,1",8,Restaurant français,·  Repas sur place  ·  Livraison,"13 Av. Victor Hugo, 69160 Tassin-la-Demi-Lune, France","QQCR+VH Tassin-la-Demi-Lune, France",,,Fermé ⋅ Ouvre à 19 h 00 Fermé,https://streetviewpixels-pa.googleapis.com/v1/thumbnail?panoid=BXskawtnaM8aYrVgYYr89Q&cb_client=search.gws-prod.gps&w=408&h=240&yaw=123.84897&pitch=0&thumbfov=100,false,"https://www.google.com/maps/search/Restaurant/@45.7732165,4.8109861,15z/data=!3m1!4b1",2022-04-17T13:43:52.504Z,45.772187500000015,4.7914374999999865,
https://www.google.com/maps/place/Le+Plato/data=!4m5!3m4!1s0x47f4eb1d27565e87:0x6230bbfa05c8068c!8m2!3d45.7747222!4d4.8286111,Le Plato,"4,5",489,Restaurant français,"Restaurant moderne et élégant proposant des spécialités telles que l'os à moelle, les truffes et le poulet farci.    ·  Repas sur place  ·  Commandes à emporter  ·  Livraison","1 Rue Villeneuve, 69004 Lyon, France","QRFH+VC Lyon, France",restaurant-leplato.fr,+33 4 72 00 01 30,Fermé ⋅ Ouvre à 00 h 00 lun. Fermé aujourd'hui,https://lh5.googleusercontent.com/p/AF1QipNjXe6mVMF9ZNz3b6NfQv1_jvjRIh7Gx4kaHL1w=w426-h240-k-no,true,"https://www.google.com/maps/search/Restaurant/@45.7732165,4.8109861,15z/data=!3m1!4b1",2022-04-17T13:43:55.944Z,45.77468750000001,4.828562500000018,
https://www.google.com/maps/place/Restaurant+Le+Cambodia/data=!4m5!3m4!1s0x47f4eb6750b7b2f1:0xffb1053360a846b!8m2!3d45.7646297!4d4.8278975,Restaurant Le Cambodia,"4,9",277,Restaurant,·  Repas sur place  ·  Commandes à emporter  ·  Livraison,"2 Rue de la Loge, 69005 Lyon, France","QR7H+V5 Lyon, France",,+33 4 78 08 38 14,Fermé ⋅ Ouvre à 19 h 00 Fermé,https://lh5.googleusercontent.com/p/AF1QipNy7en4kRJNWNsMnxUZEkldb_5pjPpC4DmOewM=w408-h306-k-no,false,"https://www.google.com/maps/search/Restaurant/@45.7732165,4.8109861,15z/data=!3m1!4b1",2022-04-17T13:43:59.758Z,45.764687499999994,4.827937500000004,
https://www.google.com/maps/place/L'Atelier+des+Augustins/data=!4m5!3m4!1s0x47f4eafe17b59dd5:0x23c41a6051a29d79!8m2!3d45.7677514!4d4.8309058,L'Atelier des Augustins,"4,8",450,Restaurant gastronomique,"Plats créatifs, accords mets-vins et menu dégustation à l'aveugle dans un cadre cosy au mobilier moderne.    ·  Repas sur place  ·  Livraison","11 Rue des Augustins, 69001 Lyon, France","QR9J+49 Lyon, France",latelierdesaugustins.com,+33 4 72 00 88 01,Fermé ⋅ Ouvre à 12 h 15 mar. Fermé aujourd'hui,https://lh5.googleusercontent.com/p/AF1QipMQMzQ1wGevFmjc3rM4xMWUed9zyb8Yiu9uj4u6=w408-h272-k-no,true,"https://www.google.com/maps/search/Restaurant/@45.7732165,4.8109861,15z/data=!3m1!4b1",2022-04-17T13:44:03.201Z,45.767812500000005,4.830937500000019,
https://www.google.com/maps/place/COSY+CORNER+Caf%C3%A9+Comptoir/data=!4m5!3m4!1s0x47f4eb000b364403:0x4b77dd3189828de8!8m2!3d45.7635109!4d4.8277036,COSY CORNER Café Comptoir,"4,5",672,Restaurant,·  Repas sur place  ·  Livraison,"3bis Pl. du Petit Collège, 69005 Lyon, France","QR7H+C3 Lyon, France",,+33 4 78 42 74 80,Ouvert ⋅ Ferme à 23 h 00 Ouvert,https://lh5.googleusercontent.com/p/AF1QipN6YbqZI3SDL5jEahBafOSXwsotdb8Qvwvr9QrK=w408-h544-k-no,true,"https://www.google.com/maps/search/Restaurant/@45.7732165,4.8109861,15z/data=!3m1!4b1",2022-04-17T13:44:07.202Z,45.76356249999999,4.82768750000001,Ouvert aux membres de la communauté LGBTQ et autres
https://www.google.com/maps/place/Chez+Grand-M%C3%A8re/data=!4m5!3m4!1s0x47f4ebaaf3dcd085:0x22f5121b9a50f4bb!8m2!3d45.7629204!4d4.8272185,Chez Grand-Mère,"4,4",1623,Restaurant français,"Restaurant à la décoration ancienne doté de murs en pierres apparentes, proposant des plats traditionnels maison et des vins.    ·  Repas sur place  ·  Commandes à emporter  ·  Livraison","11 Rue du Bœuf, 69005 Lyon, France","QR7G+5V Lyon, France",chezgrandmere.fr,+33 9 51 61 35 38,Fermé ⋅ Ouvre à 19 h 00 Fermé,https://lh5.googleusercontent.com/p/AF1QipPiphinjXF52pqGgPH2ELQYU4bDlFonlxiMU45y=w408-h272-k-no,true,"https://www.google.com/maps/search/Restaurant/@45.7732165,4.8109861,15z/data=!3m1!4b1",2022-04-17T13:44:13.318Z,45.76293749999998,4.827187500000022,
https://www.google.com/maps/place/Domeva+Restaurant+Et+Pizzeria/data=!4m5!3m4!1s0x47f4eb6e633d5d59:0xc847bb4bfe8847df!8m2!3d45.776862!4d4.80413,Domeva Restaurant Et Pizzeria,"4,3",815,Pizzeria,"Ce restaurant au style sobre, dans l'esprit bistrot, propose une cuisine italienne traditionnelle.    ·  Repas sur place  ·  Commandes à emporter","24 Rue de Bourgogne, 69009 Lyon, France","QRG3+PM Lyon, France",domeva-caffe.fr,+33 4 72 85 02 86,Fermé ⋅ Ouvre à 12 h 00 lun. Fermé aujourd'hui,https://lh5.googleusercontent.com/p/AF1QipOMDdNfhrC8UbwNtxJPe_1ZLgBD4yVFHyUaM2Jy=w408-h306-k-no,true,"https://www.google.com/maps/search/Restaurant/@45.7732165,4.8109861,15z/data=!3m1!4b1",2022-04-17T13:44:16.851Z,45.77681249999999,4.804187499999998,Ouvert aux membres de la communauté LGBTQ et autres
https://www.google.com/maps/place/Racine/data=!4m5!3m4!1s0x47f4eb728a7d5809:0x977564a96eaea2bc!8m2!3d45.7739185!4d4.807304,Racine,"4,6",457,Restaurant,·  Repas sur place  ·  Commandes à emporter  ·  Livraison,"impasse charavay, 1 Rue du Chapeau Rouge, 69009 Lyon, France","QRF4+HW Lyon, France",racinerestaurant-lyon.com,+33 4 26 18 57 15,Fermé ⋅ Ouvre à 08 h 30 lun. Fermé aujourd'hui,https://lh5.googleusercontent.com/p/AF1QipNzipQNq2j0BcqQAlpj7_cnpY-lvZxzJ43pMGqp=w408-h410-k-no,true,"https://www.google.com/maps/search/Restaurant/@45.7732165,4.8109861,15z/data=!3m1!4b1",2022-04-17T13:44:20.339Z,45.7739375,4.807312500000009,
https://www.google.com/maps/place/Restaurant+Une+faim+d'apprendre/data=!4m5!3m4!1s0x47f4eb7e1e100aa9:0x72b6d4849717aeea!8m2!3d45.7709668!4d4.7980068,Restaurant Une faim d'apprendre,"4,7",180,Restaurant,·  Repas sur place  ·  Livraison,"24 Ave. Joannès Masset, 69009 Lyon, France","QQCX+96 Lyon, France",unefaimdapprendre.eatbu.com,+33 9 62 60 92 68,Fermé ⋅ Ouvre à 08 h 00 lun. Fermé aujourd'hui,https://lh5.googleusercontent.com/p/AF1QipObXpJUoG9XRJLPEpFgef93ATUNx8jHlE2NIYn2=w408-h306-k-no,true,"https://www.google.com/maps/search/Restaurant/@45.7732165,4.8109861,15z/data=!3m1!4b1",2022-04-17T13:44:24.143Z,45.77093750000002,4.7980625,
https://www.google.com/maps/place/Le+Saint-Vincent/data=!4m5!3m4!1s0x47f4eb019db1ed65:0xa2fff0c520be302d!8m2!3d45.7690518!4d4.8294551,Le Saint-Vincent,"4,4",211,Restaurant,Cadre cosy et convivial pour ce restaurant préparant des plats lyonnais de tradition dans une cuisine ouverte.    ·  Repas sur place  ·  Commandes à emporter  ·  Livraison,"6 Pl. Fernand Rey, 69001 Lyon, France","QR9H+JQ Lyon, France",restaurantsaintvin.wixsite.com,+33 4 72 07 70 43,Fermé ⋅ Ouvre à 12 h 00 mar. Fermé ⋅ Ouvre à 12 h 00 mar.,https://lh5.googleusercontent.com/p/AF1QipPmFt3ERrhNbTxrCaJJXXOPjj7HcA57Wx46itaG=w408-h613-k-no,true,"https://www.google.com/maps/search/Restaurant/@45.7732165,4.8109861,15z/data=!3m1!4b1",2022-04-17T13:44:28.176Z,45.769062500000004,4.829437500000026,Ouvert aux membres de la communauté LGBTQ et autres
https://www.google.com/maps/place/G.restaurant/data=!4m5!3m4!1s0x47f4eafdc4f48e5f:0xa8f406970b70fdd1!8m2!3d45.7694683!4d4.8322266,G.restaurant,"4,5",125,Restaurant,"Burgers, tartares, planches, esprit ""pub"", musique live et vernissages pour ce bar-restaurant décontracté.    ·  Repas sur place  ·  Commandes à emporter  ·  Livraison","4 Rue René Leynaud, 69001 Lyon, France","QR9J+QV Lyon, France",,+33 4 26 72 53 87,Fermé ⋅ Ouvre à 19 h 00 mar. Fermé aujourd'hui,https://lh5.googleusercontent.com/p/AF1QipOaqg054SXVqAi1ZHNmOOL7qq5L-R3lHtDySfOm=w426-h240-k-no,true,"https://www.google.com/maps/search/Restaurant/@45.7732165,4.8109861,15z/data=!3m1!4b1",2022-04-17T13:44:31.618Z,45.76943750000002,4.832187500000018,
https://www.google.com/maps/place/Les+Ventres+Jaunes/data=!4m5!3m4!1s0x47f4ebaae8d551d5:0x99db7b3f3cb8123d!8m2!3d45.762593!4d4.827284,Les Ventres Jaunes,"4,4",1117,Restaurant de plats-réconfort du Sud,"Restaurant rustique décoré dans les tons jaunes avec poutres apparentes, proposant des plats français maison.    ·  Repas sur place  ·  Commandes à emporter  ·  Livraison","2 Pl. Neuve Saint-Jean, 69005 Lyon, France","QR7G+2W Lyon, France",,+33 9 79 57 02 65,Fermé ⋅ Ouvre à 19 h 00 Fermé,https://lh5.googleusercontent.com/p/AF1QipOoizyjL9SGWez7JDKPy0BWy268LEdipeaP7a1t=w408-h306-k-no,true,"https://www.google.com/maps/search/Restaurant/@45.7732165,4.8109861,15z/data=!3m1!4b1",2022-04-17T13:44:35.488Z,45.76256249999999,4.827312500000019,
https://www.google.com/maps/place/Balthaz'Art/data=!4m5!3m4!1s0x47f4eafd4b7ad54f:0xba8882be80c6811b!8m2!3d45.7733574!4d4.8322139,Balthaz'Art,"4,5",566,Restaurant français,Cuisine de brasserie présentée de façon artistique dans une salle parquetée pittoresque agrémentée de touches rouges.    ·  Repas sur place  ·  Commandes à emporter  ·  Livraison,"7 Rue des Pierres Plantées, 69001 Lyon, France","QRFJ+8V Lyon, France",restaurantbalthazart.com,+33 4 72 07 08 88,Fermé ⋅ Ouvre à 19 h 30 mar. Fermé aujourd'hui,https://lh4.googleusercontent.com/proxy/rBlVOJsyTRYS4XhdOWU6nebYraWPHNZibMcwkWO-hnCcHU4nZh8YDFG9WyilyJxhYpQNYbrnLpsOhJ-xKbV_iTRbSjzcJdP4vxQYLDAlkYIrZ1GQrka1x_z9aYYaHfdIXpytNOyfnGgm-PSGoBN0VYQ4I-iXEg=w408-h268-k-no,false,"https://www.google.com/maps/search/Restaurant/@45.7732165,4.8109861,15z/data=!3m1!4b1",2022-04-17T13:44:38.947Z,45.77331250000002,4.832187500000018,
https://www.google.com/maps/place/Le+Coquemar/data=!4m5!3m4!1s0x47f4eafec11c9817:0x2ae67b7714b75de7!8m2!3d45.761579!4d4.821839,Le Coquemar,"4,3",104,Restaurant français,Cuisine traditionnelle proposée dans une salle claire et élégante avec des murs de pierres ornés de peintures.    ·  Repas sur place  ·  Livraison,"25 Mnt Cardinal Decourtray, 69005 Lyon, France","QR6C+JP Lyon, France",,+33 4 78 25 83 32,Fermé ⋅ Ouvre à 12 h 00 mar. Fermé ⋅ Ouvre à 12 h 00 mar.,https://lh5.googleusercontent.com/p/AF1QipPQ-baoz3qZAXKV7s49DcWTfQBelv2GzazUoRYu=w408-h306-k-no,true,"https://www.google.com/maps/search/Restaurant/@45.7732165,4.8109861,15z/data=!3m1!4b1",2022-04-17T13:44:42.280Z,45.76156249999998,4.821812500000007,
https://www.google.com/maps/place/Les+d%C3%A9lices+du+Liban/data=!4m5!3m4!1s0x47f4eafd9aea4bc1:0x597165237503404!8m2!3d45.770649!4d4.8314137,Les délices du Liban,"4,4",710,Restaurant libanais,·  Repas sur place  ·  Commandes à emporter  ·  Livraison,"86 Mnt de la Grande-Côte, 69001 Lyon, France","QRCJ+7H Lyon, France",lesdelicesduliban.fr,+33 6 29 79 29 53,Ouvert ⋅ Ferme à 22 h 00 Ouvert,https://lh5.googleusercontent.com/p/AF1QipN2EK7DI8Pb7Zi2WYQHsnH0VGS00xP3YJbis3kR=w408-h306-k-no,true,"https://www.google.com/maps/search/Restaurant/@45.7732165,4.8109861,15z/data=!3m1!4b1",2022-04-17T13:44:46.242Z,45.77068750000002,4.831437500000007,
https://www.google.com/maps/place/Au+14+F%C3%A9vrier/data=!4m5!3m4!1s0x47f4ebab81fe93a3:0x5d3532f58738d0a!8m2!3d45.7622468!4d4.8263926,Au 14 Février,"4,8",275,Cuisine française moderne,Ce restaurant sert une fine cuisine du marché nuancée par des saveurs japonaises dans un cadre contemporain.    ·  Repas sur place  ·  Commandes à emporter  ·  Livraison,"36 Rue du Bœuf, 69005 Lyon, France","QR6G+VH Lyon, France",ly-au14fevrier.com,+33 4 78 92 91 39,Fermé ⋅ Ouvre à 19 h 30 mar. Fermé aujourd'hui,https://lh5.googleusercontent.com/p/AF1QipObraPA_cDJsZcMlKU3v7Jb9LnQnkMVt50H2ItN=w408-h270-k-no,true,"https://www.google.com/maps/search/Restaurant/@45.7732165,4.8109861,15z/data=!3m1!4b1",2022-04-17T13:44:50.159Z,45.762187499999996,4.8264375000000115,
https://www.google.com/maps/place/L'Ebullition/data=!4m5!3m4!1s0x47f4eafe4d273b31:0x9d6c8075c7059bfe!8m2!3d45.7664727!4d4.8317222,L'Ebullition,"4,6",214,Restaurant,·  Repas sur place  ·  Commandes à emporter,"12 Rue Lanterne, 69001 Lyon, France","QR8J+HM Lyon, France",,+33 4 78 27 48 19,Fermé ⋅ Ouvre à 11 h 30 mar. Fermé aujourd'hui,https://lh5.googleusercontent.com/p/AF1QipNPEVVtVSs0a3B6iDVK7NDNCsjHMjn8TxLW8veD=w408-h305-k-no,true,"https://www.google.com/maps/search/Restaurant/@45.7732165,4.8109861,15z/data=!3m1!4b1",2022-04-17T13:44:53.566Z,45.76643749999998,4.831687500000001,
https://www.google.com/maps/place/Copains+Copines+sur+la+Colline/data=!4m5!3m4!1s0x47f4eb1ce9a788b3:0x1271a24c961c924a!8m2!3d45.7749354!4d4.8278691,Copains Copines sur la Colline,"4,7",393,Restaurant français,"Plats créatifs à base de produits de saison, servis dans un cadre moderne aux murs bleu vif.    ·  Repas sur place  ·  Commandes à emporter  ·  Livraison","3 Rue Duviard, 69004 Lyon, France","QRFH+X4 Lyon, France",copainscopinessurlacolline.fr,+33 4 78 61 73 88,Fermé ⋅ Ouvre à 19 h 30 Fermé,https://lh5.googleusercontent.com/p/AF1QipNjQ1h6jFUuex_X2zpI-xOePovRUQ4I-64Cx31s=w408-h544-k-no,true,"https://www.google.com/maps/search/Restaurant/@45.7732165,4.8109861,15z/data=!3m1!4b1",2022-04-17T13:44:57.468Z,45.77493750000001,4.827812500000007,
https://www.google.com/maps/place/Les+Adrets/data=!4m5!3m4!1s0x47f4ebaa57e3bd53:0xb87e5b44b9c7fbff!8m2!3d45.7625337!4d4.8266285,Les Adrets,"4,5",415,Restaurant français,Plats lyonnais typiques de saison et menus fixes de trois plats dans une salle dotée de poutres en bois et de colonnes en pierre.    ·  Repas sur place  ·  Commandes à emporter  ·  Livraison,"30 Rue du Bœuf, 69005 Lyon, France","QR7G+2M Lyon, France",les-adrets.com,+33 4 78 38 24 30,Fermé ⋅ Ouvre à 12 h 00 lun. Fermé aujourd'hui,https://lh5.googleusercontent.com/p/AF1QipM5_o94p-gK-7DuyjvcaEmZ9uLPI5pL10oEZ9r-=w408-h306-k-no,true,"https://www.google.com/maps/search/Restaurant/@45.7732165,4.8109861,15z/data=!3m1!4b1",2022-04-17T13:45:00.838Z,45.76256249999999,4.826687500000006,
https://www.google.com/maps/place/La+Station+-+Brasserie+New-Yorkaise+%C3%A0+Lyon+Vaise/data=!4m5!3m4!1s0x47f4eb0f4409748d:0xbca213095b68cdd1!8m2!3d45.7797068!4d4.8040353,La Station - Brasserie New-Yorkaise à Lyon Vaise,"3,8",266,Restaurant,·  Repas sur place  ·  Commandes à emporter  ·  Livraison,"2 Pl. de Paris, 69009 Lyon, France","QRH3+VJ Lyon, France",eatbu.com,+33 4 74 72 07 92,Ouvert ⋅ Ferme à 01 h 00 Ouvert,https://lh5.googleusercontent.com/p/AF1QipOZaXGqybjFUJdllhJK2Ihv3irGD8xyv3dobT4S=w408-h306-k-no,true,"https://www.google.com/maps/search/Restaurant/@45.7732165,4.8109861,15z/data=!3m1!4b1",2022-04-17T13:45:04.498Z,45.77968750000001,4.804062500000001,
https://www.google.com/maps/place/Cazza+Di+Luna/data=!4m5!3m4!1s0x47f4eb7b40e29197:0x912b9f0e2d027eaa!8m2!3d45.7741177!4d4.7947327,Cazza Di Luna,"4,7",59,Pizzeria,·  Repas sur place  ·  Commandes à emporter  ·  Livraison,"10 Av. Sidoine Apollinaire, 69009 Lyon, France","QQFV+JV Lyon, France",,+33 6 13 48 34 09,Fermé ⋅ Ouvre à 08 h 00 lun. Fermé aujourd'hui,https://lh5.googleusercontent.com/p/AF1QipO3_jXUs1bO9NeTggEGDVKaRB0YhCQT8UfGK_1b=w408-h392-k-no,true,"https://www.google.com/maps/search/Restaurant/@45.7732165,4.8109861,15z/data=!3m1!4b1",2022-04-17T13:45:08.272Z,45.7740625,4.794687499999995,
https://www.google.com/maps/place/Les+Enfants+du+Paradis/data=!4m5!3m4!1s0x47f4eb1b1854a31d:0x5461dc4bb1881b7c!8m2!3d45.7749247!4d4.8239465,Les Enfants du Paradis,"4,3",95,Restaurant,·  Repas sur place  ·  Livraison,"2 Rue Henri Gorjus, 69004 Lyon, France","QRFF+XH Lyon, France",business.site,+33 4 78 29 99 47,Fermé ⋅ Ouvre à 12 h 00 mar. Fermé aujourd'hui,https://lh5.googleusercontent.com/p/AF1QipMy-LoudRAZiEx-QXSm8SUmCkcFwPqqdC7luO8I=w408-h306-k-no,true,"https://www.google.com/maps/search/Restaurant/@45.7732165,4.8109861,15z/data=!3m1!4b1",2022-04-17T13:45:12.206Z,45.77493750000001,4.823937500000014,
https://www.google.com/maps/place/Les+Boulistes/data=!4m5!3m4!1s0x47f4eb1b58295555:0x5ff47c254b167add!8m2!3d45.7743772!4d4.825775,Les Boulistes,"4,5",378,Restaurant,·  Repas sur place  ·  Livraison,"9 Pl. Tabareau, 69004 Lyon, France","QRFG+Q8 Lyon, France",lesboulistes.fr,+33 4 78 28 44 13,Fermé ⋅ Ouvre à 12 h 00 mar. Fermé aujourd'hui,https://lh5.googleusercontent.com/p/AF1QipNouJwJ0oI5dr44fB8v3IaIhP_eh8rt6f1TjhBX=w408-h270-k-no,true,"https://www.google.com/maps/search/Restaurant/@45.7732165,4.8109861,15z/data=!3m1!4b1",2022-04-17T13:45:15.603Z,45.77443750000002,4.825812500000026,
https://www.google.com/maps/place/Restaurant+Creole+LA+CANNELLE/data=!4m5!3m4!1s0x47f4eb013b9098f3:0x2c9a0b1c3db8c031!8m2!3d45.7672869!4d4.8258538,Restaurant Creole LA CANNELLE,"3,8",256,Restaurant,Cuisine traditionnelle des Antilles et cocktails au rhum dans un cadre coloré et verdoyant de style patio.    ·  Repas sur place  ·  Commandes à emporter  ·  Livraison,"104 Quai de Pierre-Scize, 69005 Lyon, France","QR8G+W8 Lyon, France",la-cannelle-lyon.com,+33 4 78 27 35 07,Fermé ⋅ Ouvre à 12 h 00 mar. Fermé aujourd'hui,https://lh5.googleusercontent.com/p/AF1QipOzmRTEveDMMy8g27Hy3awfvqduuEe5qzoyekw=w408-h306-k-no,true,"https://www.google.com/maps/search/Restaurant/@45.7732165,4.8109861,15z/data=!3m1!4b1",2022-04-17T13:45:19.399Z,45.76731249999999,4.825812500000026,
https://www.google.com/maps/place/Restaurant+L'atelier/data=!4m5!3m4!1s0x47f4eb6fc7320117:0xd1d6960d4d4fc4a1!8m2!3d45.7759761!4d4.8013709,Restaurant L'atelier,"3,5",21,Bar,·  Repas sur place  ·  Livraison,"62 Rue Marietton, 69009 Lyon, France","QRG2+9G Lyon, France",,+33 4 78 83 76 10,,https://lh5.googleusercontent.com/p/AF1QipNX9yhdjfB5LaaBA1iGz42SHvqmp-suQJHEyiDc=w408-h306-k-no,false,"https://www.google.com/maps/search/Restaurant/@45.7732165,4.8109861,15z/data=!3m1!4b1",2022-04-17T13:45:22.725Z,45.77593750000001,4.801312500000009,
https://www.google.com/maps/place/Aux+Trois+Maries/data=!4m5!3m4!1s0x47f4eb725c0804fb:0xbcb478004b6ac27a!8m2!3d45.7632139!4d4.8284686,Aux Trois Maries,"4,1",656,Restaurant,"Restaurant historique doté d'une terrasse pittoresque, proposant des plats locaux et des desserts maison comme la crème brûlée.    ·  Repas sur place  ·  Commandes à emporter  ·  Livraison","1 Rue des Trois-Maries, 69005 Lyon, France","QR7H+79 Lyon, France",aux-3-maries.fr,+33 4 78 37 67 28,Fermé ⋅ Ouvre à 19 h 00 Fermé,https://lh5.googleusercontent.com/p/AF1QipOTXwa728xIxsCmfkwiqFTjSqzrar-_rTBo5V0T=w408-h612-k-no,true,"https://www.google.com/maps/search/Restaurant/@45.7732165,4.8109861,15z/data=!3m1!4b1",2022-04-17T13:45:28.338Z,45.7631875,4.828437500000021,Ouvert aux membres de la communauté LGBTQ et autres
https://www.google.com/maps/place/Au+Rendez-vous+des+Amis/data=!4m5!3m4!1s0x47f4eae1a9512b8b:0xe5201ef6da41403d!8m2!3d45.7806383!4d4.8331715,Au Rendez-vous des Amis,"4,3",22,Restaurant,·  Repas sur place  ·  Commandes à emporter  ·  Livraison,"2 Pass. Richan, 69004 Lyon, France","QRJM+77 Lyon, France",eatbu.com,+33 6 10 50 38 08,Fermé ⋅ Ouvre à 10 h 00 lun. Fermé ⋅ Ouvre à 10 h 00 lun.,https://lh5.googleusercontent.com/p/AF1QipMAMUiC1s-j97iFcwj9Q2HR6aZTkrD2HvOAf-_t=w408-h306-k-no,true,"https://www.google.com/maps/search/Restaurant/@45.7732165,4.8109861,15z/data=!3m1!4b1",2022-04-17T13:45:32.167Z,45.78068750000001,4.833187500000022,
https://www.google.com/maps/place/Le+Caf%C3%A9+Des+F%C3%A9d%C3%A9rations/data=!4m5!3m4!1s0x47f4eafe5464f559:0xb52578111f47c229!8m2!3d45.7666552!4d4.8324886,Le Café Des Fédérations,"4,4",1041,Restaurant français,"Établissement animé décoré de lambris proposant plats lyonnais typiques, vin maison et menus à prix fixe.    ·  Repas sur place  ·  Commandes à emporter  ·  Livraison","9 Rue Major Martin, 69001 Lyon, France","QR8J+MX Lyon, France",restaurant-cafedesfederations-lyon.com,+33 4 78 28 26 00,Fermé ⋅ Ouvre à 12 h 00 lun. Fermé aujourd'hui,https://lh5.googleusercontent.com/p/AF1QipNF9y3Oggu62N4eJQjUPs00Hu7LTfp8eUJfibzf=w408-h306-k-no,true,"https://www.google.com/maps/search/Restaurant/@45.7732165,4.8109861,15z/data=!3m1!4b1",2022-04-17T13:45:36.442Z,45.766687499999975,4.832437500000012,
https://www.google.com/maps/place/Les+Terrasses+de+Lyon/data=!4m5!3m4!1s0x47f4ebaa69916dc3:0xbb9e1b4a0346de84!8m2!3d45.7633966!4d4.8261652,Les Terrasses de Lyon,"4,5",474,Restaurant gastronomique,Gastronomie fine et vue panoramique sur la ville pour le chic restaurant de l'hôtel la Villa Florentine.    ·  Repas sur place  ·  Commandes à emporter  ·  Livraison,"25 Mnt Saint-Barthélémy, 69005 Lyon, France","QR7G+9F Lyon, France",villaflorentine.com,+33 4 72 56 56 02,Fermé ⋅ Ouvre à 19 h 30 mar. Fermé aujourd'hui,https://lh5.googleusercontent.com/p/AF1QipOQz3K71kxC0BQ3Yx3IeK9QQAuWINpHbwUE1WUf=w408-h272-k-no,true,"https://www.google.com/maps/search/Restaurant/@45.7732165,4.8109861,15z/data=!3m1!4b1",2022-04-17T13:45:40.172Z,45.763437499999995,4.826187500000017,
https://www.google.com/maps/place/L'%C3%89clat/data=!4m5!3m4!1s0x47f4eaff9821f461:0x715da2c62e2ef6!8m2!3d45.7651578!4d4.8318147,L'Éclat,"4,7",43,Restaurant gastronomique,·  Repas sur place  ·  Commandes à emporter  ·  Livraison,"13 Quai de la Pêcherie, 69001 Lyon, France","QR8J+3P Lyon, France",leclat-restaurant.fr,,Fermé ⋅ Ouvre à 12 h 00 mar. Fermé aujourd'hui,https://lh5.googleusercontent.com/p/AF1QipMgVxKYI2JZxBx5S53jZPVNP0caLvIIKtxlmukO=w408-h306-k-no,true,"https://www.google.com/maps/search/Restaurant/@45.7732165,4.8109861,15z/data=!3m1!4b1",2022-04-17T13:45:44.011Z,45.76518749999998,4.831812499999998,
https://www.google.com/maps/place/Substrat/data=!4m5!3m4!1s0x47f4eae3770d0e4b:0xf7c0af7854ef47cb!8m2!3d45.779573!4d4.8329333,Substrat,"4,5",251,Restaurant,·  Repas sur place  ·  Commandes à emporter  ·  Livraison,"7 Rue Pailleron, 69004 Lyon, France","QRHM+R5 Lyon, France",substrat-restaurant.com,+33 4 78 29 14 93,Fermé ⋅ Ouvre à 12 h 00 lun. Fermé aujourd'hui,https://lh5.googleusercontent.com/p/AF1QipNrbH1sjjhrYIsGQFzgm9Z8RgoooJXcUmLNRpi5=w408-h271-k-no,true,"https://www.google.com/maps/search/Restaurant/@45.7732165,4.8109861,15z/data=!3m1!4b1",2022-04-17T13:45:47.506Z,45.77956250000001,4.8329375,
https://www.google.com/maps/place/Chez+Paul/data=!4m5!3m4!1s0x47f4eafef93369cd:0x2b9c5888b7256293!8m2!3d45.7667712!4d4.832623,Chez Paul,"4,4",904,Restaurant français,"Ce bouchon aux murs décorés d'assiettes, tableaux et photos anciennes sert des plats typiques de la région.    ·  Repas sur place  ·  Commandes à emporter  ·  Livraison","11 Rue Major Martin, 69001 Lyon, France","QR8M+P2 Lyon, France",bouchonchezpaul.fr,+33 4 78 28 35 83,Fermé ⋅ Ouvre à 12 h 00 lun. Fermé aujourd'hui,https://lh5.googleusercontent.com/p/AF1QipPYcozz24EwilDIis8KX7DHty3AelBgjoF99Igt=w408-h271-k-no,true,"https://www.google.com/maps/search/Restaurant/@45.7732165,4.8109861,15z/data=!3m1!4b1",2022-04-17T13:45:50.923Z,45.76681249999997,4.832562500000009,
https://www.google.com/maps/place/Le+B%C5%93uf+d'Argent/data=!4m5!3m4!1s0x47f4ebaa567d4519:0x5a0b1a0e4f5f705b!8m2!3d45.7621494!4d4.8264152,Le Bœuf d'Argent,"4,7",332,Restaurant français,Plats français raffinés à la présentation soignée servis dans un charmant restaurant voûté à l'atmosphère décontractée.    ·  Repas sur place  ·  Commandes à emporter  ·  Livraison,"29 Rue du Bœuf, 69005 Lyon, France","QR6G+VH Lyon, France",restaurantleboeufdargent.com,+33 4 78 38 11 20,Fermé ⋅ Ouvre à 19 h 00 mar. Fermé aujourd'hui,https://lh5.googleusercontent.com/p/AF1QipNcslUrXzW9ioLZHm89UmMvfJnS-p5wUyRzr-GB=w426-h240-k-no,true,"https://www.google.com/maps/search/Restaurant/@45.7732165,4.8109861,15z/data=!3m1!4b1",2022-04-17T13:45:54.576Z,45.762187499999996,4.8264375000000115,
https://www.google.com/maps/place/Restaurant+%C3%A0+la+Traboule/data=!4m5!3m4!1s0x47f4eb4e56685a47:0xd6d3aaec937eecc5!8m2!3d45.7636872!4d4.8279481,Restaurant à la Traboule,"2,7",679,Restaurant,"Pierres apparentes, tonneaux et mobilier ancien pour une cuisine régionale 7j/7 en salle ou en terrasse.    ·  Repas sur place  ·  Livraison","12 Rue Saint-Jean, 69005 Lyon, France","QR7H+F5 Lyon, France",restaurant-alatraboule.com,+33 4 78 68 18 96,Ouvert ⋅ Ferme à 23 h 30 Ouvert,https://lh5.googleusercontent.com/p/AF1QipP_G8iJwHHPX4ctbknl2WZmHSUSdDBw_A5P2zU=w408-h272-k-no,true,"https://www.google.com/maps/search/Restaurant/@45.7732165,4.8109861,15z/data=!3m1!4b1",2022-04-17T13:45:58.694Z,45.76368749999999,4.827937500000004,
https://www.google.com/maps/place/The+Phamily/data=!4m5!3m4!1s0x47f4ebaa8d485fff:0xc1a963f8b4743a!8m2!3d45.7630083!4d4.827372,The Phamily,"4,6",157,Restaurant vietnamien,·  Repas sur place  ·  Commandes à emporter  ·  Livraison,"7 Rue du Bœuf, 69005 Lyon, France","QR7G+6W Lyon, France",thephamily.co,+33 4 78 92 83 20,,https://lh5.googleusercontent.com/p/AF1QipNbEp2G0FdgPer5d3rqCpMB4DOFdUbseiQej-XU=w408-h461-k-no,true,"https://www.google.com/maps/search/Restaurant/@45.7732165,4.8109861,15z/data=!3m1!4b1",2022-04-17T13:46:02.142Z,45.763062499999975,4.827312500000019,
https://www.google.com/maps/place/Le+Ti'Punch+de+la+R%C3%A9union/data=!4m5!3m4!1s0x47f4eaff0c8e3b77:0x7112bf1f4b9382be!8m2!3d45.7652676!4d4.8328212,Le Ti'Punch de la Réunion,"4,3",180,Restaurant,Restaurant convivial au cadre patiné offrant des plats réunionnais soignés avec menu découverte ou végétarien.    ·  Repas sur place  ·  Commandes à emporter  ·  Livraison,"12 Rue Longue, 69002 Lyon, France","QR8M+44 Lyon, France",,+33 4 72 73 01 63,Fermé ⋅ Ouvre à 11 h 00 mar. Fermé aujourd'hui,https://lh5.googleusercontent.com/p/AF1QipMdcJ6H_wnYQOzgjNIaa_LohTYIGnYpd-ekBZvl=w408-h408-k-no,true,"https://www.google.com/maps/search/Restaurant/@45.7732165,4.8109861,15z/data=!3m1!4b1",2022-04-17T13:46:06.142Z,45.76531249999998,4.832812500000003,
https://www.google.com/maps/place/LA+BODEGUITA+CUBANA/data=!4m5!3m4!1s0x47f4eb1ddafc6d85:0xb61eaa1b2b303afe!8m2!3d45.777836!4d4.830022,LA BODEGUITA CUBANA,"4,5",363,Restaurant,"2 salles boisées ornées d'objets artisanaux pour ce restaurant cubain convivial offrant cocktails, tapas, etc.    ·  Repas sur place  ·  Commandes à emporter  ·  Livraison","44 Rue de Cuire, 69004 Lyon, France","QRHJ+42 Lyon, France",bodeguitacubana.fr,+33 4 72 07 95 47,Fermé ⋅ Ouvre à 12 h 00 lun. Fermé aujourd'hui,https://lh5.googleusercontent.com/p/AF1QipOhZ2vMZ1hq-CG44TF4d5cbbRnKJvvEaHeQwPYC=w493-h240-k-no,true,"https://www.google.com/maps/search/Restaurant/@45.7732165,4.8109861,15z/data=!3m1!4b1",2022-04-17T13:46:09.533Z,45.777812499999996,4.830062500000011,
https://www.google.com/maps/place/Max+Saveurs/data=!4m5!3m4!1s0x47f4eb6be140645f:0x32bda45e1330545a!8m2!3d45.7800299!4d4.8061451,Max Saveurs,"4,5",50,Restaurant-minute,·  Repas sur place  ·  Commandes à emporter  ·  Livraison,"16 Rue de la Claire, 69009 Lyon, France","QRJ4+2F Lyon, France",achatsresponsables.alged.com,+33 4 78 15 97 07,Fermé ⋅ Ouvre à 08 h 00 lun. Fermé aujourd'hui,https://lh5.googleusercontent.com/p/AF1QipNOgt6nrMsH2bvigd-iy7U6aPsbT8-YlwAEe6s5=w408-h272-k-no,true,"https://www.google.com/maps/search/Restaurant/@45.7732165,4.8109861,15z/data=!3m1!4b1",2022-04-17T13:46:12.970Z,45.7800625,4.806187500000007,
https://www.google.com/maps/place/La+Nef+Des+Fous/data=!4m5!3m4!1s0x47f4ebaa9279b009:0xaa66f1001b5af805!8m2!3d45.7630975!4d4.8274399,La Nef Des Fous,"4,3",585,Restaurant français,Classique de la cuisine française dans une salle richement décorée avec objets rétro et fauteuils ouvragés.    ·  Repas sur place  ·  Commandes à emporter  ·  Livraison,"5 Rue du Bœuf, 69005 Lyon, France","QR7G+6X Lyon, France",la-nef-des-fous.com,+33 4 78 42 73 67,Fermé ⋅ Ouvre à 19 h 00 Fermé,https://lh5.googleusercontent.com/p/AF1QipMrSfcn2PU51Lqq5UOek__M1wK7wICa-7Y_Brrb=w408-h306-k-no,false,"https://www.google.com/maps/search/Restaurant/@45.7732165,4.8109861,15z/data=!3m1!4b1",2022-04-17T13:46:16.713Z,45.763062499999975,4.827437500000016,
https://www.google.com/maps/place/Les+Fines+Gueules+-+Bouchon+Lyonnais+-/data=!4m5!3m4!1s0x47f4eb006dca191d:0x8d3a0ea1e8cf2430!8m2!3d45.765!4d4.828,Les Fines Gueules - Bouchon Lyonnais -,"4,3",652,Restaurant,Une cuisine lyonnaise traditionnelle dans un restaurant aux murs de pierres et aux tons chauds et boisés.    ·  Repas sur place  ·  Commandes à emporter  ·  Livraison,"16 Rue Lainerie, 69005 Lyon, France","QR7H+X6 Lyon, France",fines-gueules.fr,+33 4 78 28 99 14,Fermé Fermé aujourd'hui,https://lh5.googleusercontent.com/p/AF1QipPzvEn_4OQ2CSdjcWsmWnONt86HnYuRNR73E9Qw=w408-h273-k-no,true,"https://www.google.com/maps/search/Restaurant/@45.7732165,4.8109861,15z/data=!3m1!4b1",2022-04-17T13:46:20.748Z,45.76493749999999,4.8280625000000015,
https://www.google.com/maps/place/Les+Filaos+Restaurant+r%C3%A9unionnais/data=!4m5!3m4!1s0x47f4eb021bcfce35:0x95c7ad2dfe1303e0!8m2!3d45.7692912!4d4.8294726,Les Filaos Restaurant réunionnais,"4,3",513,Restaurant,"Samoussas de bœuf, rougail saucisses et rhums arrangés servis en salle ou sur une grande terrasse arborée.    ·  Repas sur place  ·  Commandes à emporter  ·  Livraison","1 Pl. Fernand Rey, 69001 Lyon, France","QR9H+PQ Lyon, France",lesfilaos-lyon.com,+33 4 78 28 67 60,Fermé ⋅ Ouvre à 12 h 00 mar. Fermé aujourd'hui,https://lh5.googleusercontent.com/p/AF1QipMEPAw6Rwy3MVNMwTUAnWi3zL21_RmZJxeyruF9=w426-h240-k-no,true,"https://www.google.com/maps/search/Restaurant/@45.7732165,4.8109861,15z/data=!3m1!4b1",2022-04-17T13:46:24.167Z,45.7693125,4.829437500000026,
https://www.google.com/maps/place/Restaurant+Yamato/data=!4m5!3m4!1s0x47f4eb73bef03daf:0x98d766453ec331e5!8m2!3d45.7714776!4d4.805568,Restaurant Yamato,"4,4",494,Restaurant japonais,Ce restaurant contemporain rehaussé de tons verts propose des spécialités japonaises sur place et à emporter.    ·  Repas sur place  ·  Commandes à emporter  ·  Livraison,"35 Rue du Sergent Michel Berthet, 69009 Lyon, France","QRC4+H6 Lyon, France",yamato-resto.fr,+33 4 72 85 92 40,Fermé ⋅ Ouvre à 18 h 00 Fermé,https://lh5.googleusercontent.com/p/AF1QipMXAwAe5uFaLjERQjMo6uWXjkihH11Mxsegb7wl=w408-h544-k-no,true,"https://www.google.com/maps/search/Restaurant/@45.7732165,4.8109861,15z/data=!3m1!4b1",2022-04-17T13:46:27.961Z,45.771437500000005,4.8055624999999935,
https://www.google.com/maps/place/La+Salle+%C3%A0+Manger+Restaurant-Ecole+Apprentis+d'Auteuil/data=!4m5!3m4!1s0x47f4eb59eb2808f7:0x1012c8e81073b43f!8m2!3d45.7630323!4d4.8222661,La Salle à Manger Restaurant-Ecole Apprentis d'Auteuil,"4,9",14,Restaurant,·  Repas sur place  ·  Commandes à emporter  ·  Livraison,"2 Pl. de Fourvière, 69005 Lyon, France","QR7C+6W Lyon, France",apprentis-auteuil.org,+33 4 28 69 01 50,,https://lh5.googleusercontent.com/p/AF1QipPCfAVREf0KLRqUUjNCnRU0Dr-JVKVZI4TdtyLK=w408-h306-k-no,true,"https://www.google.com/maps/search/Restaurant/@45.7732165,4.8109861,15z/data=!3m1!4b1",2022-04-17T13:46:31.328Z,45.763062499999975,4.822312500000024,
https://www.google.com/maps/place/L'AUTHENTIK/data=!4m5!3m4!1s0x47f4eb10587fc1ef:0x9711bfa652389ff2!8m2!3d45.7644927!4d4.8285759,L'AUTHENTIK,"4,5",1658,Restaurant,"Restaurant chaleureux sur le thème du bois proposant des burgers, des salades et des gaufres hallal.    ·  Repas sur place","1 Pl. du Change, 69005 Lyon, France","QR7H+QC Lyon, France",lauthentik-lyon.fr,+33 9 81 46 00 58,Fermé ⋅ Ouvre à 20 h 30 Fermé,https://lh5.googleusercontent.com/p/AF1QipPbDSI1_-9rwdE2d4Q7-_jZ5FGo_pffQc1cTnDG=w408-h725-k-no,true,"https://www.google.com/maps/search/Restaurant/@45.7732165,4.8109861,15z/data=!3m1!4b1",2022-04-17T13:46:34.917Z,45.7644375,4.828562500000018,
https://www.google.com/maps/place/LA+PERLA/data=!4m5!3m4!1s0x47f4eb5b44bc8a43:0x14075813004971a!8m2!3d45.775804!4d4.8024623,LA PERLA,"5,0",16,Restaurant,"Boutique de la marque de lingerie de luxe, vêtements d'intérieur, de nuit et sous-vêtements pour mariées.    ·  Repas sur place  ·  Commandes à emporter  ·  Livraison","50 Rue Marietton, 69009 Lyon, France","QRG2+8X Lyon, France",laperla-vaise.eatbu.com,+33 4 78 40 06 68,Fermé ⋅ Ouvre à 12 h 00 lun. Fermé aujourd'hui,https://lh5.googleusercontent.com/p/AF1QipPSsPQxoiw-6MnCkr3uIQcaFGw08a4LCFbgc_Vg=w408-h544-k-no,true,"https://www.google.com/maps/search/Restaurant/@45.7732165,4.8109861,15z/data=!3m1!4b1",2022-04-17T13:46:38.764Z,45.775812500000015,4.802437500000011,
https://www.google.com/maps/place/Restaurant+Le+go%C3%BBt+de+kyun/data=!4m5!3m4!1s0x47f4ebe7a0f5e5ab:0xd4a40655f46ba288!8m2!3d45.7668495!4d4.8308471,Restaurant Le goût de kyun,"4,8",294,Restaurant coréen,·  Repas sur place  ·  Commandes à emporter,"3 Rue Constantine, 69001 Lyon, France","QR8J+P8 Lyon, France",legoutdekyun.fr,+33 9 87 75 05 06,Fermé ⋅ Ouvre à 19 h 00 Fermé,https://lh5.googleusercontent.com/p/AF1QipOE-ta0rhibxAl21SpBNyRpaA-ACdKeLHL7AoFV=w408-h543-k-no,true,"https://www.google.com/maps/search/Restaurant/@45.7732165,4.8109861,15z/data=!3m1!4b1",2022-04-17T13:46:45.463Z,45.76681249999997,4.830812500000022,
https://www.google.com/maps/place/Notre+Maison/data=!4m5!3m4!1s0x47f4eb0070894b29:0x87658339bb3030c1!8m2!3d45.7645255!4d4.8276811,Notre Maison,"4,7",839,Restaurant,Spécialités lyonnaises copieuses proposées dans un restaurant rétro avec des poutres apparentes et des œuvres d'art aux murs.    ·  Repas sur place  ·  Commandes à emporter  ·  Livraison,"2 Rue de Gadagne, 69005 Lyon, France","QR7H+R3 Lyon, France",bouchonnotremaison.com,+33 4 72 41 78 48,Fermé ⋅ Ouvre à 19 h 01 mar. Fermé aujourd'hui,https://lh5.googleusercontent.com/p/AF1QipPo_VmVwDlGsQU2TPobFhHaOLFWvx83Xmd_DXs=w408-h240-k-no-pi0-ya280-ro0-fo100,true,"https://www.google.com/maps/search/Restaurant/@45.7732165,4.8109861,15z/data=!3m1!4b1",2022-04-17T13:46:49.344Z,45.7645625,4.82768750000001,
https://www.google.com/maps/place/Restaurant+La+Corne+de+Gazelle/data=!4m5!3m4!1s0x47f4eb727eebdc2b:0xe9cbdb26293f76da!8m2!3d45.7743541!4d4.8069054,Restaurant La Corne de Gazelle,"3,4",5,Restaurant,·  Repas sur place  ·  Commandes à emporter  ·  Livraison,"1 Rue du Marché, 69009 Lyon, France","QRF4+PQ Lyon, France",restaurant-lacornedegazelle.com,+33 4 82 33 18 90,Fermé ⋅ Ouvre à 11 h 30 mar. Fermé ⋅ Ouvre à 11 h 30 mar.,https://streetviewpixels-pa.googleapis.com/v1/thumbnail?panoid=hq3IEYN3nai1hsPo-jRQ0g&cb_client=search.gws-prod.gps&w=408&h=240&yaw=173.0592&pitch=0&thumbfov=100,false,"https://www.google.com/maps/search/Restaurant/@45.7732165,4.8109861,15z/data=!3m1!4b1",2022-04-17T13:46:52.739Z,45.77431249999999,4.806937500000018,
https://www.google.com/maps/place/Restaurant+Le+Monde+d'Angkor/data=!4m5!3m4!1s0x47f4eb6d0752f853:0x22af7b87b0b6398f!8m2!3d45.7765876!4d4.8072243,Restaurant Le Monde d'Angkor,"4,5",445,Restaurant cambodgien,"Cuisine khmer, paysanne ou moderne dans ce restaurant thaï et cambodgien rustique, avec poutre et mur végétal.    ·  Repas sur place  ·  Commandes à emporter  ·  Livraison","27 Quai Hippolyte Jaÿr, 69009 Lyon, France","QRG4+JV Lyon, France",lemondedangkor.fr,+33 4 78 47 74 85,Fermé ⋅ Ouvre à 12 h 00 lun. Fermé aujourd'hui,https://lh5.googleusercontent.com/p/AF1QipMQWnNKNqAyOP1JxU8q0655mZPU6pXw-qJD6puo=w408-h406-k-no,true,"https://www.google.com/maps/search/Restaurant/@45.7732165,4.8109861,15z/data=!3m1!4b1",2022-04-17T13:46:56.315Z,45.7765625,4.807187500000012,
https://www.google.com/maps/place/Le+Bouchon+de+l'Op%C3%A9ra/data=!4m5!3m4!1s0x47f4eafc2d3e4e45:0x7b0ceed589422aef!8m2!3d45.7692414!4d4.8332436,Le Bouchon de l'Opéra,"4,7",277,Restaurant,"Spécialités régionales, dont rognons et quenelles, dans un cadre rustique avec murs aux pierres apparentes.    ·  Repas sur place  ·  Commandes à emporter  ·  Livraison","11 Rue des Capucins, 69001 Lyon, France","QR9M+M7 Lyon, France",,+33 4 78 28 49 47,Fermé ⋅ Ouvre à 12 h 00 jeu. Fermé ⋅ Ouvre à 12 h 00 jeu.,https://lh5.googleusercontent.com/p/AF1QipO4xb-BmGjjXNfbXnXPxPwZMZhq0em4K8LST6DF=w408-h544-k-no,true,"https://www.google.com/maps/search/Restaurant/@45.7732165,4.8109861,15z/data=!3m1!4b1",2022-04-17T13:47:00.179Z,45.7691875,4.833187500000022,
https://www.google.com/maps/place/Le+Gourmand+de+Saint+Jean+-+Restaurant+Lyon/data=!4m5!3m4!1s0x47f4ebaaf3c2cbdf:0x4ef537b5659d6362!8m2!3d45.762802!4d4.82722,Le Gourmand de Saint Jean - Restaurant Lyon,"3,5",532,Restaurant français,·  Repas sur place  ·  Livraison,"4 Pl. Neuve Saint-Jean, 69005 Lyon, France","QR7G+4V Lyon, France",legourmandlyon.com,+33 9 53 43 29 74,Fermé ⋅ Ouvre à 19 h 00 Fermé,https://lh5.googleusercontent.com/p/AF1QipOjArTmrTq3dnJpaj7k8yS5f7bU66EihvyrSPNy=w426-h240-k-no,true,"https://www.google.com/maps/search/Restaurant/@45.7732165,4.8109861,15z/data=!3m1!4b1",2022-04-17T13:47:04.406Z,45.76281249999998,4.827187500000022,
https://www.google.com/maps/place/Le+C%C3%A8dre+Bleu/data=!4m5!3m4!1s0x47f4ebaaaec6fb3d:0xcad75884a8991c3d!8m2!3d45.7638185!4d4.8287854,Le Cèdre Bleu,"4,3",412,Restaurant libanais,"Restaurant et épicerie de spécialités libanaises servant mezze froids et chauds, grillades ou desserts.    ·  Repas sur place  ·  Commandes à emporter  ·  Livraison","10 Quai Romain Rolland, 69005 Lyon, France","QR7H+GG Lyon, France",restaurant-lecedrebleu.com,+33 4 72 56 06 08,Fermé ⋅ Ouvre à 19 h 00 mar. Fermé aujourd'hui,https://lh5.googleusercontent.com/p/AF1QipOiXQ8n521oPMiwIqGrmJIw-YiPQg8f9CRlR8c=w408-h271-k-no,true,"https://www.google.com/maps/search/Restaurant/@45.7732165,4.8109861,15z/data=!3m1!4b1",2022-04-17T13:47:07.845Z,45.76374999999999,4.828750000000014,
https://www.google.com/maps/place/PRaiRiaL+-+Restaurant+1+%C3%A9toile+Michelin/data=!4m5!3m4!1s0x47f4eaff74352b99:0xf8e528b0ccc46ac2!8m2!3d45.7649342!4d4.8325418,PRaiRiaL - Restaurant 1 étoile Michelin,"4,7",411,Restaurant de haute cuisine française,"Menus dégustation, produits locaux de saison et vins bio servis dans un restaurant élégant.    ·  Repas sur place  ·  Livraison","11 Rue Chavanne, 69001 Lyon, France","QR7M+X2 Lyon, France",prairial-restaurant.fr,+33 4 78 27 86 93,Fermé ⋅ Ouvre à 20 h 00 mar. Fermé aujourd'hui,https://lh5.googleusercontent.com/p/AF1QipPfV1iZpWpEYpiEEREO3-qg9kFC3NYPYpMGX6Sm=w426-h240-k-no,true,"https://www.google.com/maps/search/Restaurant/@45.7732165,4.8109861,15z/data=!3m1!4b1",2022-04-17T13:47:11.813Z,45.76493749999999,4.832562500000009,
https://www.google.com/maps/place/Le+Potager+des+Halles/data=!4m5!3m4!1s0x47f4eb0191ff7c7f:0x2e077f2a9b2e9f76!8m2!3d45.7683265!4d4.8282737,Le Potager des Halles,"4,3",550,Restaurant français,Ce restaurant à la déco moderne sert des plats traditionnels à base de produits bios du marché et de saison.    ·  Repas sur place  ·  Commandes à emporter  ·  Livraison,"3 Rue de la Martinière, 69001 Lyon, France","QR9H+88 Lyon, France",lepotagerdeshalles.com,+33 4 72 00 24 84,,https://lh5.googleusercontent.com/p/AF1QipO7c9e5jREeNq2dKny1xpqcT6xbhPky1errblo5=w426-h240-k-no,true,"https://www.google.com/maps/search/Restaurant/@45.7732165,4.8109861,15z/data=!3m1!4b1",2022-04-17T13:47:15.310Z,45.76831250000002,4.828312500000024,Ouvert aux membres de la communauté LGBTQ et autres
https://www.google.com/maps/place/Butcher+est+2011/data=!4m5!3m4!1s0x47f4eaffa40ca1df:0x960ae40578d5e86c!8m2!3d45.7654472!4d4.8319972,Butcher est 2011,"4,5",562,Restaurant de viande,Restaurant contemporain avec arches en pierre qui sert des cocktails et des pièces de Black Angus et de Wagyu.    ·  Repas sur place  ·  Livraison,"30 Rue Lanterne, 69001 Lyon, France","QR8J+5Q Lyon, France",sauvermonbar.fr,+33 7 72 07 45 47,Fermé ⋅ Ouvre à 19 h 30 mar. Fermé aujourd'hui,https://lh5.googleusercontent.com/p/AF1QipPYFdyJ-bG3-VvyAjcqatpshBlEXe_DEh6SN5wp=w408-h266-k-no,true,"https://www.google.com/maps/search/Restaurant/@45.7732165,4.8109861,15z/data=!3m1!4b1",2022-04-17T13:47:18.792Z,45.765437499999976,4.8319375000000235,
https://www.google.com/maps/place/Le+Casse+Museau/data=!4m5!3m4!1s0x47f4eaffa7619d8b:0xc59d40fecca50f8e!8m2!3d45.765467!4d4.832433,Le Casse Museau,"4,5",194,Restaurant français,·  Repas sur place  ·  Commandes à emporter  ·  Livraison,"2 Rue Chavanne, 69001 Lyon, France","QR8J+5X Lyon, France",lecassemuseau.com,+33 4 78 32 64 42,Fermé ⋅ Ouvre à 12 h 00 mar. Fermé aujourd'hui,https://lh5.googleusercontent.com/p/AF1QipOgf4Sp7ecenqFnNYQOo1KZY8n5zT5p4NkKa5oj=w408-h306-k-no,true,"https://www.google.com/maps/search/Restaurant/@45.7732165,4.8109861,15z/data=!3m1!4b1",2022-04-17T13:47:22.675Z,45.765437499999976,4.832437500000012,
https://www.google.com/maps/place/Le+Fran%C3%A7ois+Villon/data=!4m5!3m4!1s0x47f4ebaaf3e5c517:0xecc5c6ccfcbe5ace!8m2!3d45.7627903!4d4.8269088,Le François Villon,"4,2",517,Restaurant français,"Des spécialités lyonnaises servies dans un cadre chaleureux et cosy, avec murs de pierres et fresques murales.    ·  Repas sur place  ·  Livraison","20 Rue du Bœuf, 69005 Lyon, France","QR7G+4Q Lyon, France",lefrancoisvillon.com,+33 4 78 68 58 81,,https://lh5.googleusercontent.com/p/AF1QipMsxVvhfzVXqk9E288tWUMTrM9N3WivKH-JMgZM=w408-h272-k-no,true,"https://www.google.com/maps/search/Restaurant/@45.7732165,4.8109861,15z/data=!3m1!4b1",2022-04-17T13:47:26.716Z,45.76281249999998,4.826937500000028,
https://www.google.com/maps/place/Le+Balmoral/data=!4m5!3m4!1s0x47f4eafe4d263539:0xf0509e4ef0a3ede9!8m2!3d45.766413!4d4.83169,Le Balmoral,"4,1",243,Restaurant italien,·  Repas sur place  ·  Commandes à emporter  ·  Livraison,"14 Rue Lanterne, 69001 Lyon, France","QR8J+HM Lyon, France",,+33 4 78 28 72 53,Fermé ⋅ Ouvre à 12 h 00 mar. Fermé aujourd'hui,https://lh5.googleusercontent.com/p/AF1QipOxo9fnTqf4WaO3rC5gFPKU5UxE3yUjq6gc0ZLW=w408-h306-k-no,false,"https://www.google.com/maps/search/Restaurant/@45.7732165,4.8109861,15z/data=!3m1!4b1",2022-04-17T13:47:29.946Z,45.76643749999998,4.831687500000001,
https://www.google.com/maps/place/La+Cour+des+Miracles/data=!4m5!3m4!1s0x47f4eb6f37cde237:0xf801ed7889df05c4!8m2!3d45.7791008!4d4.8012753,La Cour des Miracles,"4,0",301,Restaurant français,Ce restaurant chaleureux décoré dans un esprit contemporain propose des plats français traditionnels.    ·  Repas sur place  ·  Commandes à emporter  ·  Livraison,"4 Rue de la Gare, 69009 Lyon, France","QRH2+JG Lyon, France",eatbu.com,+33 4 37 50 31 84,Fermé ⋅ Ouvre à 12 h 00 lun. Fermé aujourd'hui,https://lh5.googleusercontent.com/p/AF1QipMxP5ORtNYD_O1VeAUuHBpqj889A7KF26gnWs82=w408-h270-k-no,false,"https://www.google.com/maps/search/Restaurant/@45.7732165,4.8109861,15z/data=!3m1!4b1",2022-04-17T13:47:34.023Z,45.779062499999995,4.801312500000009,
https://www.google.com/maps/place/Le+Comptoir+du+B%C5%93uf/data=!4m5!3m4!1s0x47f4ebaaf3e74ed1:0x8fe685efe27fe4e3!8m2!3d45.7626861!4d4.8270889,Le Comptoir du Bœuf,"3,9",738,Restaurant français,Ce bouchon lyonnais sert des spécialités locales dans un cadre élégant et patiné aux poutres apparentes.    ·  Repas sur place  ·  Commandes à emporter,"3 Pl. Neuve Saint-Jean, 69005 Lyon, France","QR7G+3R Lyon, France",comptoirduboeuf.com,+33 4 78 92 82 35,Fermé ⋅ Ouvre à 12 h 00 lun. Fermé ⋅ Ouvre à 12 h 00 lun.,https://lh5.googleusercontent.com/p/AF1QipO41x5HNl3G9GdJO0Bt1PSoM9ENrWBiPn2uD_ib=w408-h271-k-no,true,"https://www.google.com/maps/search/Restaurant/@45.7732165,4.8109861,15z/data=!3m1!4b1",2022-04-17T13:47:37.581Z,45.762687499999984,4.827062500000025,
https://www.google.com/maps/place/Les+Mauvaises+Herbes/data=!4m5!3m4!1s0x47f4eb0211f974b1:0x8ab1762f05b0940a!8m2!3d45.7697207!4d4.8297993,Les Mauvaises Herbes,"4,7",372,Restaurant végétarien,"Restaurant rustique-chic en duplex proposant une cuisine végétarienne élégante et créative, ainsi que des vins au verre.    ·  Repas sur place  ·  Livraison","3 Rue du Jardin des Plantes, 69001 Lyon, France","QR9H+VW Lyon, France",,+33 4 27 01 52 26,Fermé ⋅ Ouvre à 19 h 00 mar. Fermé aujourd'hui,https://lh5.googleusercontent.com/p/AF1QipMBM6rVG9ZaCeM8-eGmDXkBeG6rpGdeurwPQlat=w408-h544-k-no,true,"https://www.google.com/maps/search/Restaurant/@45.7732165,4.8109861,15z/data=!3m1!4b1",2022-04-17T13:47:41.417Z,45.76968750000002,4.829812500000017,Ouvert aux membres de la communauté LGBTQ et autres
https://www.google.com/maps/place/Restaurant+La+Grange+de+Saint+Jean/data=!4m5!3m4!1s0x47f4eb0072e26125:0x44e695737f780013!8m2!3d45.7645589!4d4.8286183,Restaurant La Grange de Saint Jean,"2,6",500,Restaurant français,"Menu du terroir dans un cadre coloré, rustique et campagnard doté d'une terrasse donnant sur une place animée.    ·  Repas sur place  ·  Livraison","1 Pl. du Change, 69005 Lyon, France","QR7H+RC Lyon, France",restaurantvieuxlyon.com,+33 9 81 46 00 58,Ouvert ⋅ Ferme à 23 h 30 Ouvert,https://lh5.googleusercontent.com/p/AF1QipNhQw2Z0l_IAjeStvCw7TsRgRJnm-b5fTxLELV_=w426-h240-k-no,true,"https://www.google.com/maps/search/Restaurant/@45.7732165,4.8109861,15z/data=!3m1!4b1",2022-04-17T13:47:45.317Z,45.7645625,4.828562500000018,
https://www.google.com/maps/place/Restaurant+Les+Loges+-+Chef+Anthony+Bonnet/data=!4m5!3m4!1s0x47f4ebc0f168fdcf:0x9daf6f82763a25f5!8m2!3d45.7633496!4d4.8272021,Restaurant Les Loges - Chef Anthony Bonnet,"4,7",42,Restaurant de haute cuisine française,·  Repas sur place  ·  Commandes à emporter  ·  Livraison,"6 Rue du Bœuf, 69005 Lyon, France","QR7G+8V Lyon, France",courdesloges.com,+33 4 72 77 44 44,Fermé ⋅ Ouvre à 19 h 00 mar. Fermé aujourd'hui,https://lh5.googleusercontent.com/p/AF1QipN-YyZi4u0w3xjecy5ubQpZSZzLpSGBJdawmjM9=w408-h612-k-no,true,"https://www.google.com/maps/search/Restaurant/@45.7732165,4.8109861,15z/data=!3m1!4b1",2022-04-17T13:47:49.353Z,45.7633125,4.827187500000022,
https://www.google.com/maps/place/Restaurant+RONEY+KEBAB/data=!4m5!3m4!1s0x47f4eb205a93c6df:0xfc79803185df17ca!8m2!3d45.7739011!4d4.8230254,Restaurant RONEY KEBAB,"4,4",25,Restaurant,·  Repas sur place  ·  Commandes à emporter  ·  Livraison,"77 Bd de la Croix-Rousse, 69004 Lyon, France","QRFF+H6 Lyon, France",restaurant-roney.eatbu.com,+33 9 50 55 72 19,Fermé ⋅ Ouvre à 11 h 00 lun. Fermé aujourd'hui,https://lh5.googleusercontent.com/p/AF1QipPbRomy5iH1CFKaKmqP4XNdFedGWEue5_RGkhzM=w408-h326-k-no,true,"https://www.google.com/maps/search/Restaurant/@45.7732165,4.8109861,15z/data=!3m1!4b1",2022-04-17T13:47:52.877Z,45.7739375,4.823062500000006,
https://www.google.com/maps/place/Bartholom%C3%A9/data=!4m5!3m4!1s0x47f4eafe08094fb9:0xcc8f257612878ac9!8m2!3d45.7688055!4d4.8310829,Bartholomé,"4,5",443,Restaurant,"Café lumineux et animé doté de murs en pierres apparentes, proposant des plats de brunch et des cocktails.    ·  Repas sur place  ·  Commandes à emporter  ·  Livraison","38 Rue Sergent Blandan, 69001 Lyon, France","QR9J+GC Lyon, France",bartholomelyon.fr,+33 9 87 10 87 14,Fermé ⋅ Ouvre à 10 h 00 lun. Fermé ⋅ Ouvre à 10 h 00 lun.,https://lh5.googleusercontent.com/p/AF1QipMBCEKKciq2XcQ70lnxw92QccNsH3FFp5TPjk-6=w408-h306-k-no,true,"https://www.google.com/maps/search/Restaurant/@45.7732165,4.8109861,15z/data=!3m1!4b1",2022-04-17T13:47:56.676Z,45.76881250000001,4.831062500000016,
https://www.google.com/maps/place/Cousbox/data=!4m5!3m4!1s0x47f4eafe430e6e9b:0x918f827b5ee9afd7!8m2!3d45.7673631!4d4.8319812,Cousbox,"4,3",957,Restaurant servant du couscous,·  Repas sur place  ·  Service au volant  ·  Livraison sans contact,"16 Rue d'Algérie, 69001 Lyon, France","QR8J+WQ Lyon, France",cousbox.com,+33 4 78 28 27 78,Ouvert ⋅ Ferme à 00 h 00 Ouvert,https://lh5.googleusercontent.com/p/AF1QipPgRx9A4lZT4OnbTla-uYOUMRjTiH7Vr1DvFixR=w408-h272-k-no,true,"https://www.google.com/maps/search/Restaurant/@45.7732165,4.8109861,15z/data=!3m1!4b1",2022-04-17T13:48:02.930Z,45.76731249999999,4.8319375000000235,
https://www.google.com/maps/place/Ksar/data=!4m5!3m4!1s0x47f4eafe26ebcc29:0xb95d65ba0f2ea368!8m2!3d45.767217!4d4.830219,Ksar,"3,7",495,Restaurant marocain,Spécialités marocaines dans une salle voûtée à l'ambiance tamisée avec banquettes colorées et déco exotique.    ·  Repas sur place  ·  Commandes à emporter  ·  Livraison,"4 Rue Grobon, 69001 Lyon, France","QR8J+V3 Lyon, France",restaurantksar.fr,+33 4 78 91 19 82,Fermé ⋅ Ouvre à 19 h 00 Fermé,https://lh5.googleusercontent.com/p/AF1QipPDWW-Fcu3MuiK_Bp_DKr3xP5RgBjr5kGO960G9=w408-h306-k-no,true,"https://www.google.com/maps/search/Restaurant/@45.7732165,4.8109861,15z/data=!3m1!4b1",2022-04-17T13:48:06.474Z,45.76718749999999,4.830187500000008,
https://www.google.com/maps/place/Tipico+-+Restaurant+%26+%C3%89picerie+Conviviale/data=!4m5!3m4!1s0x47f4ebfd08184c83:0x7b89b1f7eac2e5ef!8m2!3d45.7681485!4d4.829084,Tipico - Restaurant & Épicerie Conviviale,"4,9",163,Restaurant italien,·  Repas sur place  ·  Commandes à emporter  ·  Livraison,"10 Rue de la Martinière, 69001 Lyon, France","QR9H+7J Lyon, France",tipico-lyon.fr,+33 4 72 02 29 91,,https://lh5.googleusercontent.com/p/AF1QipNw7HpV9wNYEI6AnEEGdTL5aWcLZp9y3cKkOfkT=w426-h240-k-no,true,"https://www.google.com/maps/search/Restaurant/@45.7732165,4.8109861,15z/data=!3m1!4b1",2022-04-17T13:48:10.860Z,45.768187500000025,4.829062500000006,
https://www.google.com/maps/place/Le+Desjeuneur/data=!4m5!3m4!1s0x47f4eafd4b5bcad1:0xab4343c1d7e1e4b9!8m2!3d45.7735029!4d4.8322279,Le Desjeuneur,"4,6",1182,Restaurant de brunchs,"Restaurant chaleureux proposant des spécialités de brunch faites maison, dont des pancakes, des œufs et du granola.    ·  Repas sur place  ·  Commandes à emporter  ·  Livraison","3 Rue des Pierres Plantées, 69001 Lyon, France","QRFJ+CV Lyon, France",ledesjeuneur.com,+33 6 60 78 74 58,Ouvert ⋅ Ferme à 17 h 00 Ouvert,https://lh5.googleusercontent.com/p/AF1QipMtKjtPYipvqaaGfgVjC3KEmc2Et9FBghSj_Hei=w408-h272-k-no,true,"https://www.google.com/maps/search/Restaurant/@45.7732165,4.8109861,15z/data=!3m1!4b1",2022-04-17T13:48:14.430Z,45.77356250000001,4.832187500000018,
https://www.google.com/maps/place/Santosha+Lyon+-+Restaurant+Asiatique/data=!4m5!3m4!1s0x47f4eb6f9d8cc7f3:0xc5a80cd4abe3f1b3!8m2!3d45.7686968!4d4.8305108,Santosha Lyon - Restaurant Asiatique,"4,3",211,Restaurant asiatique,·  Repas sur place  ·  Commandes à emporter  ·  Livraison,"1 Rue Hippolyte Flandrin, 69001 Lyon, France","QR9J+F6 Lyon, France",santosha.cool,+33 9 83 86 88 48,Fermé ⋅ Ouvre à 18 h 30 Fermé,https://lh5.googleusercontent.com/p/AF1QipMJ4VaQ8WPOgWwSL0HsrjK49Deo10m3S-5UECJq=w427-h240-k-no,true,"https://www.google.com/maps/search/Restaurant/@45.7732165,4.8109861,15z/data=!3m1!4b1",2022-04-17T13:48:18.432Z,45.76868750000001,4.830562499999999,
https://www.google.com/maps/place/Auberge+Le+Rabelais/data=!4m5!3m4!1s0x47f4ebab1b6a0cf1:0x51d75a3003b4b0a5!8m2!3d45.7613653!4d4.8273152,Auberge Le Rabelais,"4,2",433,Restaurant français,Ce restaurant français traditionnel au cadre chaleureux propose plusieurs menus aux spécialités locales.    ·  Repas sur place  ·  Livraison,"39 Rue Saint-Jean, 69005 Lyon, France","QR6G+GW Lyon, France",,+33 4 78 37 07 43,Fermé ⋅ Ouvre à 19 h 00 Fermé,https://lh5.googleusercontent.com/p/AF1QipOhEV0iW41ADBLMC0JCQWNW2wG_V0QqVqn0t2mU=w408-h543-k-no,true,"https://www.google.com/maps/search/Restaurant/@45.7732165,4.8109861,15z/data=!3m1!4b1",2022-04-17T13:48:22.277Z,45.76131249999999,4.827312500000019,
https://www.google.com/maps/place/l'adresse/data=!4m5!3m4!1s0x47f4eb08655aecb9:0x811efc015604a89d!8m2!3d45.7663073!4d4.8183998,l'adresse,"3,9",229,Restaurant français,Ce bar-restaurant propose une cuisine classique. Les tarifs des boissons varient comme des actions en bourse.    ·  Repas sur place  ·  Commandes à emporter  ·  Livraison,"41 Quai de Pierre-Scize, 69009 Lyon, France","QR89+G9 Lyon, France",eatbu.com,+33 4 78 28 97 55,Fermé ⋅ Ouvre à 18 h 00 mar. Fermé aujourd'hui,https://lh5.googleusercontent.com/p/AF1QipNCutxaV01hBP5fCdyIl2ONgPA2Z5TAz6yyUtk1=w408-h306-k-no,true,"https://www.google.com/maps/search/Restaurant/@45.7732165,4.8109861,15z/data=!3m1!4b1",2022-04-17T13:48:25.697Z,45.766312499999984,4.81843750000003,
https://www.google.com/maps/place/Taco+Taco/data=!4m5!3m4!1s0x47f4eb00585f0c4d:0x6828bbe96391b1a4!8m2!3d45.7657536!4d4.8274325,Taco Taco,"4,5",428,Restaurant mexicain,"Fast-food de tacos, burritos et quesadillas préparés à la commande avec diverses garnitures et sauces.    ·  Repas sur place  ·  Commandes à emporter  ·  Livraison","12 Pl. Saint-Paul, 69005 Lyon, France","QR8G+8X Lyon, France",tacotaco.fr,+33 9 53 25 99 87,Ouvert ⋅ Ferme à 23 h 00 Ouvert,https://lh5.googleusercontent.com/p/AF1QipMlZo4fwoI-eUC3EQn59r4AnOiWm5zpaL1V51A9=w408-h306-k-no,true,"https://www.google.com/maps/search/Restaurant/@45.7732165,4.8109861,15z/data=!3m1!4b1",2022-04-17T13:48:29.129Z,45.765812499999996,4.827437500000016,
https://www.google.com/maps/place/Rose+Indien/data=!4m5!3m4!1s0x47f4eb6febe2772d:0xd7e065b92b31ae3c!8m2!3d45.7758352!4d4.8003936,Rose Indien,"4,5",297,Restaurant indien,·  Repas sur place  ·  Commandes à emporter  ·  Livraison,"73 Rue Marietton, 69009 Lyon, France","QRG2+85 Lyon, France",m.facebook.com,+33 4 78 33 53 51,Fermé ⋅ Ouvre à 19 h 00 mar. Fermé aujourd'hui,https://lh5.googleusercontent.com/p/AF1QipN7X9BK1NX_l3gSdWtjjy3-U3V01RXMIA9Pcya5=w426-h240-k-no,true,"https://www.google.com/maps/search/Restaurant/@45.7732165,4.8109861,15z/data=!3m1!4b1",2022-04-17T13:48:33.663Z,45.775812500000015,4.800437500000001,
https://www.google.com/maps/place/Les+4G/data=!4m5!3m4!1s0x47f4eb76aabf78d5:0xf6cddbdb8b9cdbdf!8m2!3d45.769826!4d4.803729,Les 4G,"4,5",133,Restaurant français,·  Repas sur place  ·  Livraison,"27 Rue Gorge de Loup, 69009 Lyon, France","QR93+WF Lyon, France",,+33 4 37 46 56 42,Fermé ⋅ Ouvre à 06 h 30 lun. Fermé ⋅ Ouvre à 06 h 30 lun.,https://lh5.googleusercontent.com/p/AF1QipPsZoLUBw0VSSYAdeEs9g_QCG6jueTDYgJ0RxCh=w408-h306-k-no,true,"https://www.google.com/maps/search/Restaurant/@45.7732165,4.8109861,15z/data=!3m1!4b1",2022-04-17T13:48:37.166Z,45.769812500000015,4.803687500000009,
https://www.google.com/maps/place/36+Le+Cosy/data=!4m5!3m4!1s0x47f4eae1eaffc771:0xbebb86a7b82cbfe5!8m2!3d45.7791667!4d4.8333333,36 Le Cosy,"4,5",284,Restaurant de haute cuisine française,"Cuisine du monde aux touches brésiliennes, dans une salle contemporaine aux étagères en caisses recyclées.    ·  Repas sur place  ·  Livraison sans contact","36 Rue du Mail, 69004 Lyon, France","QRHM+M8 Lyon, France",36lecosy.fr,+33 4 78 28 98 40,Fermé ⋅ Ouvre à 20 h 00 mer. Fermé aujourd'hui,https://lh5.googleusercontent.com/p/AF1QipNbhbX4GV2xd1SWLL8vp4usMeA9RY2kSK8QZyfc=w408-h272-k-no,true,"https://www.google.com/maps/search/Restaurant/@45.7732165,4.8109861,15z/data=!3m1!4b1",2022-04-17T13:48:40.796Z,45.77918749999999,4.833312500000019,
https://www.google.com/maps/place/J%C3%A9r%C3%A9my+Galvan/data=!4m5!3m4!1s0x47f4ebaa567d3de9:0x43c8f592eb4883ca!8m2!3d45.7621685!4d4.8264591,Jérémy Galvan,"4,7",475,Restaurant de haute cuisine française,Cuisine fine et créative servie dans un cadre chaleureux avec murs de pierres et lumières tamisées.    ·  Repas sur place  ·  Commandes à emporter  ·  Livraison,"29 Rue du Bœuf, 69005 Lyon, France","QR6G+VH Lyon, France",jeremygalvanrestaurant.com,+33 4 72 40 91 47,Fermé ⋅ Ouvre à 19 h 00 lun. Fermé aujourd'hui,https://lh5.googleusercontent.com/p/AF1QipNX1Qpz1vM22ue9n1GS89ehUCD0Qyudr5UW4SZi=w408-h272-k-no,true,"https://www.google.com/maps/search/Restaurant/@45.7732165,4.8109861,15z/data=!3m1!4b1",2022-04-17T13:48:44.363Z,45.762187499999996,4.8264375000000115,
https://www.google.com/maps/place/9e+Avenue/data=!4m5!3m4!1s0x47f4eb5e04f04023:0x4c2d4b2a0dbf0114!8m2!3d45.7849996!4d4.7950598,9e Avenue,"4,4",283,Restaurant-minute,,"9 Av. du Plateau, 69009 Lyon, France","QQMW+X2 Lyon, France",9emeavenue.fr,+33 4 78 64 73 92,Fermé temporairement,https://lh5.googleusercontent.com/p/AF1QipOT08eAZiaVKCa3y8a4WI5oR5Rol_Dk9hHXahMA=w408-h240-k-no-pi-0-ya10.875682-ro-0-fo100,true,"https://www.google.com/maps/search/Restaurant/@45.7732165,4.8109861,15z/data=!3m1!4b1",2022-04-17T13:48:47.718Z,45.7849375,4.795062499999986,
https://www.google.com/maps/place/Mont+D'Or+Pizza/data=!4m5!3m4!1s0x47f4eb68cb2d4ef5:0xc243c44b4988b9a1!8m2!3d45.779525!4d4.801485,Mont D'Or Pizza,"4,6",425,Pizzeria,Ce restaurant sobre et contemporain avec terrasse propose des pizzas au feu de bois et sa spécialité du mois.    ·  Repas sur place  ·  Commandes à emporter  ·  Livraison,"53 Rue de Bourgogne, 69009 Lyon, France","QRH2+RH Lyon, France",montdorpizza.com,+33 4 37 64 60 79,Fermé ⋅ Ouvre à 11 h 45 mar. Fermé aujourd'hui,https://lh5.googleusercontent.com/p/AF1QipMbLitFVucSyS4hJkNiFNRPGBQTzMe4wFg2tzjs=w408-h544-k-no,true,"https://www.google.com/maps/search/Restaurant/@45.7732165,4.8109861,15z/data=!3m1!4b1",2022-04-17T13:48:51.165Z,45.77956250000001,4.801437500000006,
https://www.google.com/maps/place/Mumbai+Caf%C3%A9/data=!4m5!3m4!1s0x47f4eafe881d96b9:0x3acdf26ba94dea6f!8m2!3d45.7681239!4d4.8329122,Mumbai Café,"4,4",470,Restaurant,Cuisine fusion indo-pakistanaise et cocktails originaux servis dans un cadre chaleureux et cosy.    ·  Repas sur place  ·  Commandes à emporter  ·  Livraison,"6 Rue Sainte-Catherine, 69001 Lyon, France","QR9M+65 Lyon, France",,+33 9 86 35 07 43,Fermé ⋅ Ouvre à 12 h 00 lun. Fermé aujourd'hui,https://lh5.googleusercontent.com/p/AF1QipO2F98nHVrgg4EIxHDljS4GPQpQK5qqCNDzvY1Q=w408-h272-k-no,true,"https://www.google.com/maps/search/Restaurant/@45.7732165,4.8109861,15z/data=!3m1!4b1",2022-04-17T13:48:55.624Z,45.7680625,4.8329375,
https://www.google.com/maps/place/La+Dolce+Pizza/data=!4m5!3m4!1s0x47f4eb6e1a50f04f:0xe33d547a1151f516!8m2!3d45.7751689!4d4.8037299,La Dolce Pizza,"4,4",142,Pizzeria,·  Repas sur place  ·  Commandes à emporter  ·  Livraison,"4 Rue Jouffroy d'Abbans, 69009 Lyon, France","QRG3+3F Lyon, France",,+33 4 78 36 12 10,Fermé ⋅ Ouvre à 11 h 30 lun. Fermé aujourd'hui,https://lh5.googleusercontent.com/p/AF1QipPEoL9Kir8LlGMzu9rDJeSRl0hRRRbo4sDOQgs=w408-h306-k-no,true,"https://www.google.com/maps/search/Restaurant/@45.7732165,4.8109861,15z/data=!3m1!4b1",2022-04-17T13:48:58.937Z,45.7751875,4.803687500000009,
https://www.google.com/maps/place/Best+Bagels+Company/data=!4m5!3m4!1s0x47f4eafe3fe19f59:0x59a5b98623a124e6!8m2!3d45.7675458!4d4.8314019,Best Bagels Company,"4,3",459,Restaurant,"Sandwicherie colorée dans l'esprit new-yorkais proposant des bagels, hot-dogs, donuts ou cheesecakes.    ·  Repas sur place  ·  Commandes à emporter  ·  Livraison","1 Pl. Tobie Robatel, 69001 Lyon, France","QR9J+2H Lyon, France",bestbagels.fr,+33 4 78 27 65 61,Ouvert ⋅ Ferme à 22 h 00 Ouvert,https://lh5.googleusercontent.com/p/AF1QipNKKsNeQFQs56fgA0EVLaowe9wtJHqGE02k4Aoj=w408-h306-k-no,true,"https://www.google.com/maps/search/Restaurant/@45.7732165,4.8109861,15z/data=!3m1!4b1",2022-04-17T13:49:02.479Z,45.76756250000001,4.831437500000007,
https://www.google.com/maps/place/LE+PAMUKKALE/data=!4m5!3m4!1s0x47f4eb0d35132c91:0xa929afe9e121a58a!8m2!3d45.7731938!4d4.8096846,LE PAMUKKALE,"4,3",137,Restaurant halal,·  Repas sur place  ·  Service au volant  ·  Livraison,"10 Quai Arloing, 69009 Lyon, France","QRF5+7V Lyon, France",lepamukkale.fr,+33 4 78 34 91 44,,https://lh5.googleusercontent.com/p/AF1QipMqw1yjEeORQgK6rHjJxmTB6luBJONObRY_9xK2=w408-h758-k-no,true,"https://www.google.com/maps/search/Restaurant/@45.7732165,4.8109861,15z/data=!3m1!4b1",2022-04-17T13:49:06.298Z,45.77318750000002,4.80968750000001,
https://www.google.com/maps/place/Restaurant+La+Cuisine/data=!4m5!3m4!1s0x47f4eafea0eb999f:0xa3eeb5643a745017!8m2!3d45.7688152!4d4.8344668,Restaurant La Cuisine,"4,4",320,Restaurant français,"Des plats traditionnels proposés dans un cadre accueillant avec banquettes, murs de pierre et plafond en bois.    ·  Repas sur place  ·  Commandes à emporter  ·  Livraison","9 Rue Saint-Polycarpe, 69001 Lyon, France","QR9M+GQ Lyon, France",restaurant-lacuisine.com,+33 4 78 28 15 31,Fermé ⋅ Ouvre à 12 h 00 mar. Fermé aujourd'hui,https://lh5.googleusercontent.com/p/AF1QipPUybikqj6rnvORwK24ewCDOk8raxevxHUPm8XK=w408-h306-k-no,true,"https://www.google.com/maps/search/Restaurant/@45.7732165,4.8109861,15z/data=!3m1!4b1",2022-04-17T13:49:09.640Z,45.76881250000001,4.834437500000021,
https://www.google.com/maps/place/Bobun+boulevard/data=!4m5!3m4!1s0x47f4eb1ccb3ed6fd:0x6294a30910796afc!8m2!3d45.7738041!4d4.8274188,Bobun boulevard,"3,9",438,Restaurant asiatique,"Ce restaurant sobre avec terrasse propose des spécialités vietnamiennes, thaïlandaises et chinoises.    ·  Repas sur place  ·  Commandes à emporter  ·  Livraison sans contact","112 Bd de la Croix-Rousse, 69001 Lyon, France","QRFG+GX Lyon, France",bobun-boulevard.com,+33 7 88 10 55 99,Fermé ⋅ Ouvre à 18 h 00 Fermé,https://lh5.googleusercontent.com/p/AF1QipN0Q1ZyeQq288sdIWi4fVRwUyvtDzTYl69Qk-p5=w408-h272-k-no,true,"https://www.google.com/maps/search/Restaurant/@45.7732165,4.8109861,15z/data=!3m1!4b1",2022-04-17T13:49:13.079Z,45.773812500000005,4.827437500000016,
https://www.google.com/maps/place/Restaurant+de+l%E2%80%99Angle/data=!4m5!3m4!1s0x47f4eae1a69ff497:0x470c280e62298ae2!8m2!3d45.7794004!4d4.8324286,Restaurant de l’Angle,"4,0",1365,Restaurant,"Restaurant turc sobre proposant des kebabs, des assiettes de viande grillée et des options végétariennes.    ·  Repas sur place  ·  Commandes à emporter  ·  Livraison","62 Gd Rue de la Croix-Rousse, 69004 Lyon, France","QRHJ+QX Lyon, France",eatbu.com,+33 4 78 27 21 30,Ouvert ⋅ Ferme à 23 h 00 Ouvert,https://lh5.googleusercontent.com/p/AF1QipOomBI39a2tt7Jp62nL_Qe4obUs6w7Bu6QWM5uH=w426-h240-k-no,true,"https://www.google.com/maps/search/Restaurant/@45.7732165,4.8109861,15z/data=!3m1!4b1",2022-04-17T13:49:19.975Z,45.779437500000014,4.832437500000012,
https://www.google.com/maps/place/Bar+Restaurant+Tapas+La+P%C3%AAcherie/data=!4m5!3m4!1s0x47f4eba3cb748627:0x77c4c0f66e3bd3a9!8m2!3d45.7660848!4d4.8309417,Bar Restaurant Tapas La Pêcherie,"3,9",509,Bar,·  Repas sur place  ·  Commandes à emporter  ·  Livraison,"1 Rue de la Platière, 69001 Lyon, France","QR8J+C9 Lyon, France",la-pecherie.eatbu.com,+33 6 80 17 64 16,Ouvert ⋅ Ferme à 23 h 00 Ouvert,https://lh5.googleusercontent.com/p/AF1QipMuoK4bYy9CDLVmK_4qw-1Xy3Ev1qLo5AI6c4Ps=w408-h544-k-no,true,"https://www.google.com/maps/search/Restaurant/@45.7732165,4.8109861,15z/data=!3m1!4b1",2022-04-17T13:49:23.406Z,45.76606249999999,4.830937500000019,
https://www.google.com/maps/place/Daniel+et+Denise+Croix+Rousse+-+Bouchon+Lyonnais/data=!4m5!3m4!1s0x47f4ea5f6cd8401b:0x4800942bc9401ac5!8m2!3d45.7754654!4d4.830823,Daniel et Denise Croix Rousse - Bouchon Lyonnais,"4,3",567,Restaurant français,Ce bouchon lyonnais traditionnel propose menu de saison ou formule du jour travaillés dans une salle rustique.    ·  Repas sur place  ·  Ramassage à l'extérieur  ·  Livraison sans contact,"8 Rue de Cuire, 69004 Lyon, France","QRGJ+58 Lyon, France",danieletdenise.fr,+33 4 78 28 27 44,Fermé ⋅ Ouvre à 09 h 00 mar. Fermé aujourd'hui,https://lh5.googleusercontent.com/p/AF1QipOGT0nbK2d630E1AFWpFwM15ePKy5pQDQXA_1D6=w408-h306-k-no,true,"https://www.google.com/maps/search/Restaurant/@45.7732165,4.8109861,15z/data=!3m1!4b1",2022-04-17T13:49:27.082Z,45.775437499999995,4.830812500000022,
https://www.google.com/maps/place/La+Grillardi%C3%A8re/data=!4m5!3m4!1s0x47f4eb0069d5092d:0x7db8e42b51f6f04c!8m2!3d45.765337!4d4.827777,La Grillardière,"4,0",1017,Restaurant,"Restaurant halal de style décontracté servant des burgers, des steaks et des merguez accompagnés d'une généreuse portion de frites.    ·  Repas sur place  ·  Commandes à emporter  ·  Livraison","4 Rue Lainerie, 69005 Lyon, France","QR8H+44 Lyon, France",,,Ouvert ⋅ Ferme à 23 h 30 Ouvert,https://lh5.googleusercontent.com/p/AF1QipNgkmqGCSAy28uXn1PO35Rv8SjxrprzkD3DcYpG=w408-h306-k-no,true,"https://www.google.com/maps/search/Restaurant/@45.7732165,4.8109861,15z/data=!3m1!4b1",2022-04-17T13:49:30.997Z,45.76531249999998,4.827812500000007,
https://www.google.com/maps/place/Mubyotan/data=!4m5!3m4!1s0x47f4eb1cdd0f1ea9:0x262fd32a70851488!8m2!3d45.7747497!4d4.828137,Mubyotan,"4,9",203,Restaurant japonais,Comptoir japonais intime et épuré offrant formules (dont option végétarienne) en semaine. Salon de thé le WE.    ·  Repas sur place  ·  Livraison,"6 Rue Duviard, 69004 Lyon, France","QRFH+V7 Lyon, France",mubyotan.fr,+33 6 24 53 20 39,Fermé Fermé aujourd'hui,https://lh5.googleusercontent.com/p/AF1QipP2Bt12wQbptAWtFDnLR9SRpgTO0GQmrwsN-g5P=w408-h544-k-no,true,"https://www.google.com/maps/search/Restaurant/@45.7732165,4.8109861,15z/data=!3m1!4b1",2022-04-17T13:49:34.433Z,45.77468750000001,4.828187500000027,